index,error
0,2.4717640665545644
1,1.6987963196859683
2,2.567362692573599
3,2.1661199655242482
4,2.680471589999143
5,2.4426057377463533
6,2.516839798157588
7,2.531339620806601
8,2.5943230577193175
9,1.8459243480142482
10,2.5720337278992065
11,2.2441176849459628
12,2.647994587178385
13,2.219553601084552
14,2.264027901236997
15,1.8050358255272363
16,2.8963217215013297
17,1.936613974634477
18,1.7464332939201352
19,2.8321980997340344
20,2.7015159762912457
21,2.5171589534544294
22,1.8807797704614604
23,2.0974982902957535
24,2.451369244332515
25,1.838858198572034
26,1.9786662239531898
27,2.2108198353215216
28,2.270957618833241
29,1.8945344264629862
30,1.8593810921876224
31,1.9115977282646024
32,2.55069892293205
33,1.7088557467524226
34,2.4523847432567623
35,2.051526121716138
36,2.597377890647762
37,2.4941718188399955
38,2.5167394727130876
39,2.3949143270078252
40,2.2043263905321453
41,2.0258942876828465
42,2.7696576615481248
43,2.3814431839443433
44,2.335935130581607
45,1.8343756791883976
46,1.9302880625646683
47,2.874475571655056
48,2.768531740321925
49,1.842246035716947
50,2.3761221175201808
51,2.228131031979471
52,2.070809040565611
53,2.230363974253096
54,1.8259720214157724
55,2.4343968818044814
56,1.753680455270128
57,2.9834862495511834
58,2.301248672074831
59,2.3816332130720443
60,2.738268905227341
61,2.322514752224637
62,2.381193941099615
63,2.2806867397143344
64,1.8432507107407046
65,2.002994829678909
66,2.1403689298353616
67,2.1910385463330786
68,1.8432629594396504
69,2.6464688859198713
70,2.85334888287677
71,2.053322864538304
72,2.2296995631218355
73,2.3159560472689598
74,3.046335257868951
75,2.216228911814217
76,2.261194784515323
77,1.5640192785286566
78,1.7884631674972586
79,2.7278958057583322
80,2.423016998354768
81,2.19166274260695
82,1.7064509860870514
83,2.2105270384964553
84,1.9914274149557154
85,1.7078559675249818
86,1.921250994466063
87,2.0924925873215634
88,2.4249980981488015
89,2.2445750693830533
90,1.7844109722409773
91,1.9250832031316683
92,2.3710404965221907
93,2.414024350757624
94,2.4838875475217597
95,2.1776909850627426
96,1.9418778060720603
97,2.116849034440308
98,1.6422996121259974
99,2.647477386334911
100,2.406100939464414
101,1.9439942990116696
102,1.888580628349549
103,1.815422074971138
104,1.9393506718506173
105,1.9803675038819917
106,2.1815556281391366
107,2.0302365396275963
108,2.863193411224044
109,1.6859783608233088
110,1.8991450524992688
111,1.9978636602324045
112,2.4388468865782555
113,2.1092336064625705
114,2.220429380494232
115,1.8173659940660292
116,2.0981469405008375
117,1.6757080950592853
118,1.9273276133486608
119,1.9324891218661833
120,1.978973195989814
121,1.9134818255738648
122,1.6783139706716559
123,1.8087504573842346
124,2.9277574500547905
125,2.6737121664362493
126,2.2976376282154916
127,1.950774089716638
128,2.041123335245132
129,1.4088780265538734
130,1.7632631311049805
131,1.8516404212529634
132,1.675381823499052
133,1.526834300738674
134,2.485308205984131
135,2.0059385634916422
136,2.8568507746324325
137,1.9134061239462894
138,2.31764803780317
139,1.8026665494558622
140,2.226300841657442
141,1.5911275042390416
142,2.3190464524989247
143,2.3753690746354663
144,2.520856486204865
145,1.929721048468215
146,1.391995073866882
147,2.4880419778405987
148,2.3167459899339127
149,1.5076271286287768
150,1.8397137997527266
151,1.8458777708034593
152,2.145605980466663
153,1.3735788818706756
154,2.201311609986361
155,1.9920137291428937
156,1.7836072326825951
157,1.987761996156056
158,1.5368640932565993
159,2.009786056111559
160,2.2062310602892716
161,1.8547344750742012
162,2.8287031460618297
163,2.116982924476483
164,1.9712628949714772
165,1.7879890017784823
166,1.968748098515717
167,2.316890044941059
168,1.2897561274634777
169,2.445608041319801
170,2.0889080123213635
171,2.347832984483942
172,1.7633692988359617
173,2.630349055546358
174,2.3565259223636805
175,1.734727551844474
176,1.9679877295311932
177,1.672503650501922
178,1.7126106588244232
179,2.7486172242320097
180,2.5230595661757045
181,2.7605921270027536
182,1.8237238948628756
183,1.829116833598941
184,2.2324505040469496
185,1.492237599381538
186,2.039049190416846
187,1.4267351104212538
188,1.9938855709066399
189,2.18976500715302
190,1.907174442760518
191,1.9590431514197506
192,2.7969692199570377
193,1.7953816373641858
194,2.4625022865416795
195,1.8299362182322678
196,1.5697021016585753
197,2.264361676551779
198,1.813550128615996
199,1.629641167423788
200,2.2870087289065775
201,1.7840370584683016
202,1.477940460512674
203,1.625367970086588
204,1.659327933035683
205,1.7435125653734524
206,1.9588398241491238
207,1.535432483497124
208,2.3924389396673513
209,1.7037974374777178
210,1.539241923787964
211,1.8696350790120912
212,2.0165976570150366
213,2.039039136341121
214,2.181061136867269
215,1.721983395444028
216,1.793524944823076
217,1.6168928541982879
218,1.8023709351612285
219,1.6511446811707913
220,1.6576087237593495
221,1.6657485219042334
222,1.704157486064557
223,1.6265804973407403
224,2.588516099969291
225,2.5162811115356787
226,2.16255813053582
227,1.879638541322091
228,1.8241097138050333
229,1.3934735773272098
230,1.6111261748462549
231,1.7220810248726668
232,1.4620137239523503
233,1.4844578141437386
234,2.3724422118965243
235,1.917532926892206
236,2.5330583833156672
237,1.9276347920418977
238,2.0951896675881576
239,1.581256917630386
240,1.9224774753558962
241,1.5284592308676477
242,2.0382411385783863
243,2.0496639720386587
244,1.9867724769222732
245,1.850498566332828
246,1.3241637788989653
247,2.0022171331939957
248,2.0359018019934885
249,1.303932896746765
250,1.5174714257274284
251,1.606983073533841
252,1.8691669234108268
253,1.2332405537828448
254,2.174035443338964
255,1.6998843395949825
256,1.809452380664772
257,1.563906948781145
258,1.2649064906967213
259,1.5136367987871164
260,1.6415544481784246
261,1.7166838756434644
262,2.4134533067900277
263,1.8780967706650171
264,1.766991271450621
265,1.6449221727141254
266,1.9345861668468551
267,1.9825974707878253
268,1.2421601267838591
269,2.0247580532504883
270,1.8232298046336202
271,2.2126812579422963
272,1.6116057727364257
273,2.265170210608347
274,1.936599498481666
275,1.4870413109835354
276,1.852523468226031
277,1.7194375275471065
278,1.5956068984847738
279,2.3163223012688117
280,2.329278662781981
281,2.402419232030189
282,1.7102212165491961
283,1.5729764708576854
284,2.0689645984006595
285,1.4618155444792342
286,2.0301298885281294
287,1.4090159247054337
288,1.6458298980262316
289,2.1125357537999463
290,1.6295521906127788
291,1.7077119571038768
292,2.481753383076299
293,1.5099439031614925
294,2.1426382319005186
295,1.5298054318550502
296,1.419327453383054
297,2.024256475420617
298,1.8546135844813998
299,1.257711258990879
300,1.941323546011962
301,1.5903939804159446
302,1.2767179095067362
303,1.4887354104976687
304,1.4906862393964404
305,1.483967052111237
306,1.660678656267124
307,1.4398131976592166
308,1.8718108887255323
309,1.6167168093529407
310,1.5002282232063948
311,1.5922050630292892
312,1.6276502209545047
313,1.7414387238718307
314,1.8908726044704782
315,1.5207237041271924
316,1.5168760964462467
317,1.6305631198142745
318,1.5296171622516455
319,1.4959936223416288
320,1.5237803955218612
321,1.5131131914994154
322,1.5145648750589802
323,1.5475333408465386
324,1.8834412648082832
325,1.9116109335938343
326,1.7827466252836253
327,1.7016024486102088
328,1.5162866278809735
329,1.3221634296308018
330,1.4893290166158573
331,1.670012004793645
332,1.3239526297123987
333,1.4609760939978202
334,1.9600198164547713
335,1.660421400934429
336,1.842049533500766
337,1.8208398057319473
338,1.8129248526347497
339,1.3117352083715992
340,1.597419375123181
341,1.3968561560530302
342,1.7937700452224925
343,1.7093834671474948
344,1.63898499845346
345,1.6320413207790199
346,1.307880998965154
347,1.6102394077911957
348,1.77955666256669
349,1.2249573629831272
350,1.3273561481537153
351,1.4470936307582045
352,1.576127771226196
353,1.2408543374903234
354,1.8906913469535482
355,1.5369985199731298
356,1.5360187311014477
357,1.4080552953575494
358,1.269638815087306
359,1.2049908680782724
360,1.2332421971105059
361,1.6582323646433434
362,1.8691679058437534
363,1.7264325351375889
364,1.5298427568721857
365,1.5242549348418815
366,1.6862512915249424
367,1.6561646306076572
368,1.2297418074782414
369,1.604429499515683
370,1.4990576474788035
371,1.7560698798267595
372,1.4106035167555202
373,1.838325539925201
374,1.752741586842421
375,1.3483252941478245
376,1.4419096280531503
377,1.4852060399195093
378,1.4587511432682596
379,1.7454941093000351
380,1.933349195973035
381,1.8138936334830986
382,1.6090070340527725
383,1.451786747766983
384,1.783765718162241
385,1.444178613483478
386,1.7102491603870908
387,1.4180596172287099
388,1.4739303233159355
389,1.7525188840254835
390,1.3415049460295887
391,1.4130314082121553
392,1.8703932391185663
393,1.3183465952857643
394,1.7703784511637197
395,1.4621938384928292
396,1.2662718221603209
397,1.7154334126298338
398,1.585565373131659
399,1.2333350595392631
400,1.6675497895719364
401,1.3805647411447837
402,1.0990438528566502
403,1.3950546606392984
404,1.4005993108439239
405,1.3414465051661986
406,1.3245762328900188
407,1.3160120841568768
408,1.4118755437803472
409,1.4137219312534923
410,1.3782759519998073
411,1.374271544376813
412,1.3414183242331197
413,1.444443151111449
414,1.5865921457697094
415,1.3856927249206108
416,1.306033066044408
417,1.4385177691528757
418,1.3019784076908067
419,1.3462204226610055
420,1.3758109534770104
421,1.335459770375
422,1.371264745022574
423,1.3849247284855377
424,1.4419360533250674
425,1.5496617711376668
426,1.4030295269983366
427,1.4514003974222842
428,1.2504885839739817
429,1.2683521434661653
430,1.2863622474729606
431,1.4866939310956588
432,1.2423025611951002
433,1.3450078219597437
434,1.5313654079563086
435,1.3982193158118645
436,1.3356475763843771
437,1.4970487597467925
438,1.5561118640957432
439,1.1994762103877044
440,1.2906618215437649
441,1.2842361908156068
442,1.5924427781716337
443,1.3624376648559133
444,1.4072288173750982
445,1.4550281096773374
446,1.2709327784301656
447,1.3038494130557918
448,1.5702848034336316
449,1.168088823696471
450,1.2758885971462097
451,1.278259928762095
452,1.3217348941272675
453,1.1973997989904515
454,1.514504633529345
455,1.3714858427971686
456,1.386275205379747
457,1.3145652429328318
458,1.218255524254674
459,1.129028785248208
460,1.0449356663871865
461,1.4144469097739785
462,1.488079230358682
463,1.4940217431767908
464,1.2570471936477103
465,1.2877008121403242
466,1.4553317935180092
467,1.2897577991647082
468,1.1666075356940384
469,1.2838984799166662
470,1.288487393000286
471,1.3004174906751014
472,1.2969782395289131
473,1.336388656661308
474,1.5050075188874472
475,1.2518082904660075
476,1.1116745431554484
477,1.2619062082237085
478,1.3664315552498725
479,1.370741147023224
480,1.456707891708321
481,1.3647887367546523
482,1.4675956441082594
483,1.2857731832466726
484,1.477893699663432
485,1.3668817772350625
486,1.4396831742976035
487,1.3977224961615269
488,1.3172790313280902
489,1.5339145728913637
490,1.1411685284044624
491,1.238272558235524
492,1.4857758037558582
493,1.2233778823182027
494,1.3577956550026706
495,1.3706022446075876
496,1.166724208377579
497,1.3881857875405832
498,1.381314278181339
499,1.2098606117387136
500,1.385775488402094
501,1.2332085726791802
502,1.0650552284399124
503,1.2516949208040764
504,1.2812992892219397
505,1.2151626284209964
506,1.1611473047896177
507,1.2059546108197639
508,1.1735341868291351
509,1.2049450905523158
510,1.2573975689983203
511,1.2508738967966588
512,1.1607564351404316
513,1.2664812261573
514,1.3878211041761292
515,1.1798065280300312
516,1.136348931921299
517,1.243376878517543
518,1.1623381294345918
519,1.1537194155889048
520,1.205684704112463
521,1.2274896574822962
522,1.216460239346535
523,1.184655549265612
524,1.2088896651937604
525,1.316476082221647
526,1.1635918475067835
527,1.1950045568714291
528,1.1404350102173757
529,1.1637952778741618
530,1.2089519144640717
531,1.3500773286662053
532,1.1695692951814485
533,1.1985682829324165
534,1.23404856393435
535,1.197258515591462
536,1.1900543787059503
537,1.2465170393835423
538,1.2764056539443154
539,1.110249173660237
540,1.18954779180187
541,1.1923139661876032
542,1.3004745717647397
543,1.1097889302847281
544,1.2584477835858519
545,1.2455432622501108
546,1.14711281812872
547,1.1646462421012116
548,1.3458536031936068
549,1.0996900651789372
550,1.1279511612270166
551,1.13817649525061
552,1.172756032032857
553,1.1438391244385735
554,1.2096851124090857
555,1.2503333380735349
556,1.2332668671283478
557,1.1974938760977014
558,1.1550155389343606
559,1.0786408981317792
560,1.033243145367191
561,1.2358439555337426
562,1.2473885601778645
563,1.2437332676981683
564,1.101029888436582
565,1.0992373850914365
566,1.2232294611865333
567,1.1160012887977984
568,1.1043734959477807
569,1.1064210204372316
570,1.1687640690413021
571,1.1076502894662565
572,1.1472299077127412
573,1.0664008788768786
574,1.2318530158233862
575,1.1446890366724536
576,1.0553881740017175
577,1.1558756946193232
578,1.2224685333837588
579,1.1544670609509613
580,1.167243286029423
581,1.1519922797488893
582,1.231967931980185
583,1.1317007988374808
584,1.2169420550126857
585,1.2200476370441284
586,1.187975093667897
587,1.2654602430083548
588,1.152794911945759
589,1.300893286389111
590,1.0646823337015743
591,1.1217289864887983
592,1.2229522744637145
593,1.1597086607420382
594,1.1201672565214227
595,1.231008897840173
596,1.1059086061976982
597,1.1567115660767493
598,1.2002917585774664
599,1.1752047323499264
600,1.2332124752358948
601,1.1245126917301875
602,1.059079586772454
603,1.1273473099342948
604,1.1292341570883917
605,1.1093020550744448
606,1.0810711816678693
607,1.1129669463932386
608,1.0763251287518052
609,1.0731325242603151
610,1.1475637891580823
611,1.1464973301334953
612,1.0875545482080577
613,1.1282993758764142
614,1.1992644775084156
615,1.0664016692669007
616,1.0543937244570498
617,1.1061705604176666
618,1.1290930635009162
619,1.0703532264852291
620,1.1679797719118592
621,1.1358388463174516
622,1.1324694899629844
623,1.1134601890136657
624,1.1411444926167886
625,1.2002265224849888
626,1.0624039347403882
627,1.0599395969536372
628,1.0369529930855264
629,1.0795316248829505
630,1.123237709478801
631,1.1541590285955836
632,1.1102894225660949
633,1.110652882662524
634,1.0673265486202619
635,1.120118563244676
636,1.1019530085409657
637,1.1523746972094404
638,1.1387104047043848
639,1.067884719226373
640,1.1185805858802542
641,1.1019960844687233
642,1.1484883596334146
643,1.0447686261369675
644,1.1691355209514427
645,1.1057377523188348
646,1.0924920260019637
647,1.110997543918467
648,1.2389642158164298
649,1.0520992920661034
650,1.0474507871761094
651,1.0623995900490504
652,1.0729753895655425
653,1.1058686773683906
654,1.0725220434504652
655,1.1291482516451585
656,1.1662340545256664
657,1.1529349483032079
658,1.0823107864572905
659,1.045916027451687
660,1.0357432132147673
661,1.0694184227054024
662,1.1539321071494284
663,1.1348602529610834
664,1.057198401556834
665,1.0143788681806982
666,1.0654095206759202
667,1.0441392491373838
668,1.0711368045513165
669,1.0423719823199118
670,1.0750009917874315
671,1.0509416417803445
672,1.0596957140886576
673,0.9927457947195608
674,1.0182251534002658
675,1.0614305047273669
676,1.018514594054234
677,1.0963406260893391
678,1.1081396216603607
679,1.0538056770826103
680,1.0566679930104699
681,1.0858251802622167
682,1.0584254231020869
683,1.02974511781923
684,1.1011451814702553
685,1.0848083095282663
686,1.0499510155765095
687,1.0964587448689684
688,1.1049102911586866
689,1.1034477064492954
690,1.064167643019872
691,1.0472588320355927
692,1.0788589181260626
693,1.1002829004595414
694,1.0070723906075658
695,1.0863844574250412
696,1.0660720312992198
697,1.032576343567687
698,1.0686110018854145
699,1.09994293055179
700,1.1024491259000069
701,1.0327531745931255
702,1.0398832637268554
703,1.0375008259773804
704,1.0363649200305518
705,1.0556426172940436
706,1.0490555749175752
707,1.0338689436544628
708,1.0206405056300096
709,0.9988056725371606
710,1.072956173492839
711,1.0609336886984806
712,1.0495262842199542
713,1.050110630267874
714,1.0461414749859177
715,1.0218593124322495
716,1.0330892035243844
717,1.0285765885089058
718,1.0903030939174774
719,1.0420342305189592
720,1.1287964838598703
721,1.0427180838919787
722,1.039446084110424
723,1.0679273007710002
724,1.0715522649209226
725,1.1453275175159408
726,1.0174859111657404
727,1.0323021183219185
728,0.9638794648842157
729,1.0358457560319907
730,1.0501555543519896
731,1.0329341227715785
732,1.0531496087616428
733,1.0559902340825866
734,1.0131239682605477
735,1.0473670863854982
736,1.0362519058675606
737,1.038141974517121
738,1.045029464121438
739,1.041857471725375
740,1.039299707559808
741,1.0283312619910603
742,1.049266203975422
743,1.037239247077691
744,1.0851709413679764
745,1.0212174341523548
746,1.037776926595061
747,1.058987196698814
748,1.1682116515040417
749,1.0220902773425804
750,0.9928134192820207
751,1.0243844690960813
752,1.0178939582240019
753,1.0562071515916445
754,1.0168318238142593
755,1.0522541420982165
756,1.0953775882152241
757,1.0955894205134
758,1.0072036805676308
759,1.0316135969462183
760,1.0127900675969357
761,1.0168742492725704
762,1.0631022583694743
763,1.0934286185457365
764,1.0249358734497864
765,0.9732587841744959
766,1.0090540141251179
767,0.997808647192397
768,1.013060262474808
769,1.0053414834463401
770,0.9945395812073076
771,1.0421232062992485
772,1.0123470934174752
773,0.9773031874265447
774,0.9836414573865423
775,1.0218606153309846
776,0.9765454077071117
777,1.0463015542583474
778,1.0396073082669859
779,1.0067066782981977
780,1.0057195484771961
781,1.0340917586460168
782,0.9915925510365986
783,0.9935604388375983
784,1.0530395074417722
785,1.013643979475534
786,0.9989383614835378
787,0.9938660201488088
788,1.038723281453103
789,0.9844591516123237
790,1.0481036438889941
791,0.9918799660856762
792,0.9880184635869536
793,1.0463589933242925
794,0.9839021846927183
795,0.9913324232164659
796,1.010741420659423
797,0.9871252179873271
798,1.0247155134336872
799,1.010456452964835
800,0.9784838030054431
801,0.9762377511766624
802,1.0045707509719641
803,1.0052808571278726
804,1.019098284842134
805,1.0058236190343708
806,1.014811999621659
807,1.0010072232947564
808,0.9877455110502075
809,0.9729572195873747
810,1.0149104247782588
811,1.00005771145987
812,1.0172171010733697
813,1.0065805576445883
814,0.9591218641733692
815,0.9846375308444598
816,1.013238199761083
817,0.9966398106116855
818,1.0540401123675283
819,1.0149536657721079
820,1.0882353030670429
821,0.9919326213857085
822,0.9726278280493758
823,1.0298687853174882
824,1.0156554430608127
825,1.0781265071005357
826,0.9748232322431083
827,0.9905811798016427
828,0.9539865342717173
829,0.9977026274713707
830,1.003025822649005
831,0.9828869842908912
832,1.0049831810435932
833,1.0007994781888125
834,0.9893785178305754
835,1.0087631709856242
836,1.0214515841029945
837,0.9829571844216278
838,1.0102179964817104
839,1.0099367721526746
840,0.9912334226398187
841,0.9800493699389
842,1.007521138123372
843,1.005675137261291
844,1.0219291413455025
845,0.9763030168236388
846,0.9931505122029068
847,1.0255747073845363
848,1.0801259036214526
849,0.9984865598448908
850,0.96391467212471
851,0.9967700962357734
852,0.990915092729179
853,1.0131323041197067
854,0.984479309310765
855,0.9830084905167675
856,1.0103855327772309
857,1.0184798264413526
858,0.9830006115643725
859,1.0064009168912018
860,0.9905594048683493
861,0.9825200195561811
862,1.0180759562899375
863,1.0158279284921525
864,0.9825235243649082
865,0.9530120343993227
866,0.9627773080956002
867,0.9680353652370783
868,0.9707451645126641
869,0.9727440311819796
870,0.9620987249950804
871,1.0153514675666733
872,0.9685087119810488
873,0.966636584044785
874,0.9695344557921679
875,1.0004163827181793
876,0.9572755258482533
877,0.9917557654752855
878,0.989544394349682
879,0.9806030023433898
880,0.9722011754696533
881,0.9921342254187112
882,0.9563998555472499
883,0.9567907457938907
884,1.0109418512684092
885,0.9721834289026731
886,0.9763880887530492
887,0.9613845722154766
888,1.0152013155607202
889,0.9595448201682267
890,1.018273972925224
891,0.954029272177853
892,0.96756693433928
893,0.9962748064969308
894,0.9644415822365981
895,0.9733892793542896
896,0.9634042887657785
897,0.9877604655234931
898,0.9897521766508608
899,0.9532229455978429
900,0.9585024339664294
901,0.9593644948981672
902,0.9750356158919328
903,0.9718438507518468
904,0.9870187203351738
905,0.9644957922755585
906,0.9891875901268707
907,0.9872465411128131
908,0.9656350531595936
909,0.9523352064793524
910,0.9862068644038524
911,0.958386427011826
912,0.9821874265098358
913,0.9610348960911823
914,0.9559795007497954
915,0.9544323514430124
916,0.9857864316543301
917,0.9726387114232306
918,0.9954392802818673
919,0.9896886233808585
920,1.0094066751768116
921,0.9638026264749175
922,0.9667325260353548
923,0.9872010446293652
924,0.9812117613090042
925,1.013404638159911
926,0.9548838561563743
927,0.9667647593197416
928,0.9505721972532055
929,0.9790947031137447
930,0.9674539295778894
931,0.9467566246751461
932,0.9682935874460868
933,0.968943957293476
934,0.9775117250073146
935,0.9761243562970151
936,0.9979422653809991
937,0.9565350441438937
938,0.9660003655714864
939,0.9691207104421918
940,0.9705940042742249
941,0.9553447621456679
942,0.9760357915812985
943,0.9848141531857935
944,0.9785264468977225
945,0.9500985971585418
946,0.9589079549580135
947,0.9919198922975391
948,0.9901276166227022
949,0.9732503386047426
950,0.9434082934129234
951,0.9695893399826758
952,0.9664610626727981
953,0.9690365032562819
954,0.9684823794938003
955,0.9611045409298692
956,0.9568599455444324
957,0.9602999576504607
958,0.9725293657879648
959,0.9819602782543135
960,0.9718892563557462
961,0.9590282608619723
962,0.9779794125345505
963,0.9694920107399823
964,0.9487889910686216
965,0.9424365533826435
966,0.9642252248424995
967,0.9487258727749477
968,0.9568552983129626
969,0.9571793082282563
970,0.944317521599678
971,0.9844530243915635
972,0.9535432315002265
973,0.9548858939623321
974,0.9622953886652916
975,0.9826465243525265
976,0.9499976789402387
977,0.9612451260330113
978,0.9576546370068966
979,0.9611375239187548
980,0.9567936011301915
981,0.9568926053949419
982,0.9470710637428259
983,0.9433965062841042
984,0.9708615258688064
985,0.9520344965748748
986,0.9677151183143701
987,0.9535396617884159
988,0.9935502455586597
989,0.94399718541195
990,0.9882015447131246
991,0.9400629617584645
992,0.9574221871920369
993,0.9650597474958775
994,0.9439044330608093
995,0.9600465770264186
996,0.948423251979151
997,0.9777577437375835
998,0.9520837022659641
999,0.9321058925669705
1000,0.9581307513479365
1001,0.9480311685743795
1002,0.9510552805907263
1003,0.9495974980003419
1004,0.9648036732642175
1005,0.9450853767001197
1006,0.9676361495816711
1007,0.9687041788926296
1008,0.9450245985795845
1009,0.9333977125377847
1010,0.9553541942776378
1011,0.9327059416881839
1012,0.9315771395238057
1013,0.9520056448143626
1014,0.9463113033348349
1015,0.9442378299680587
1016,0.9546301326143289
1017,0.9484480441402284
1018,0.9476457823263138
1019,0.9565702641290061
1020,0.9448283221344587
1021,0.950149547973439
1022,0.959119962030759
1023,0.9561872238491085
1024,0.958502727773547
1025,0.9547397731462539
1026,0.9382737387223177
1027,0.9467495726114562
1028,0.9406700245228453
1029,0.9662740523037072
1030,0.9406265108438577
1031,0.9355437493661682
1032,0.9518849578413809
1033,0.954393278353642
1034,0.9566501213232216
1035,0.9592616679632052
1036,0.9786494493867652
1037,0.9493893032651578
1038,0.9608962352594117
1039,0.971280408597113
1040,0.9520772669656281
1041,0.9342208665358575
1042,0.9509877168223062
1043,0.9679540653868896
1044,0.9515196068057669
1045,0.9317896038485189
1046,0.9429531855625588
1047,0.9630548867827851
1048,0.9495289200060765
1049,0.9408506345137311
1050,0.9345713824358758
1051,0.9466162478309595
1052,0.936580988564506
1053,0.9351475675637902
1054,0.9589265897413806
1055,0.9593985407664525
1056,0.9418979492365683
1057,0.9610846851243038
1058,0.9488217134178205
1059,0.954703035188962
1060,0.9511016760546643
1061,0.94195247818868
1062,0.9508717172195894
1063,0.950143076875118
1064,0.9364685971166301
1065,0.9341045838740074
1066,0.9509930198460406
1067,0.9399846629460289
1068,0.9416588434870894
1069,0.9467908167045969
1070,0.9352249914710552
1071,0.9513364923910321
1072,0.9380806808901161
1073,0.9450319532685765
1074,0.9460229311304807
1075,0.9439457769292886
1076,0.940272063445383
1077,0.942547620957014
1078,0.9350393501042477
1079,0.9452138389692932
1080,0.9401778059034889
1081,0.9415198188874991
1082,0.9374496993933897
1083,0.9373918401508241
1084,0.9396968910007816
1085,0.9284882626116355
1086,0.9402172856916295
1087,0.932142015601787
1088,0.9785848119904501
1089,0.9370100441973499
1090,0.9596457801550726
1091,0.9307042224236157
1092,0.946163392287052
1093,0.940913649768059
1094,0.9301349622070526
1095,0.949082872176641
1096,0.9327209310073317
1097,0.9535785843119284
1098,0.9385300189459168
1099,0.9224884433622011
1100,0.9503218415187809
1101,0.9346031801733696
1102,0.9334517822389385
1103,0.9387245262011498
1104,0.9413944602485183
1105,0.9289388597412953
1106,0.9551121219205779
1107,0.9261641520237572
1108,0.9278262766420137
1109,0.93407672263878
1110,0.932168960024617
1111,0.9223985599875477
1112,0.926304755020489
1113,0.9336332876278086
1114,0.9274040402530964
1115,0.9251091181863045
1116,0.9325682684336767
1117,0.9256112702919636
1118,0.9358054422834021
1119,0.9309520389961822
1120,0.955023053708193
1121,0.93573039841738
1122,0.9341056993509135
1123,0.9321908226071663
1124,0.9329106974778836
1125,0.9340905502833884
1126,0.9213385316066317
1127,0.9358225853098103
1128,0.9245597899550388
1129,0.9419656954844853
1130,0.9243028894363237
1131,0.927921109679781
1132,0.9422722916354241
1133,0.935252792134497
1134,0.9326702075263023
1135,0.9429554168487313
1136,0.9590760457022198
1137,0.9409656013636585
1138,0.9373853148625886
1139,0.9518714082840422
1140,0.9406371767247403
1141,0.9214966590146564
1142,0.9265831484176087
1143,0.9387660744844041
1144,0.9286678702002371
1145,0.9234761968214739
1146,0.9326863537985245
1147,0.9309088210447274
1148,0.9311532981733277
1149,0.9259455785447207
1150,0.9267163411664098
1151,0.9305465634327542
1152,0.9254233074204775
1153,0.9275859960791201
1154,0.9435904190687187
1155,0.944268361161058
1156,0.9413206622814712
1157,0.9540167101286727
1158,0.9321105397118552
1159,0.9357336608534114
1160,0.9332802116190201
1161,0.9309579100712333
1162,0.9323572554439113
1163,0.9311054436705276
1164,0.9280789627559884
1165,0.928065966083325
1166,0.9354863070274213
1167,0.9348366370633697
1168,0.9273202927807838
1169,0.9415018274016268
1170,0.9284669854245597
1171,0.9288668041737959
1172,0.9303477117176436
1173,0.9304273732180361
1174,0.9351102780221157
1175,0.9247617322307933
1176,0.9281582078623135
1177,0.9349135889322921
1178,0.9272037866621025
1179,0.9331511399618706
1180,0.9277084957083864
1181,0.9298901914391013
1182,0.9279091991294368
1183,0.9359851162803914
1184,0.9258905825876074
1185,0.9204512168638243
1186,0.9255053932629419
1187,0.923195960757845
1188,0.9420822221509271
1189,0.9329765013712923
1190,0.9439135543675122
1191,0.9258382383297554
1192,0.9354901473669984
1193,0.9277488149785333
1194,0.9223230379811929
1195,0.9373048130466878
1196,0.9290145046444513
1197,0.9281764152618351
1198,0.9349027770649168
1199,0.9229652813913144
1200,0.9290951202125083
1201,0.9266484964981438
1202,0.9276735758016988
1203,0.9301906792088978
1204,0.9247100112347695
1205,0.9222742818107751
1206,0.9349797704039593
1207,0.917709085881094
1208,0.9239116007278563
1209,0.9240027754718237
1210,0.9227045944111187
1211,0.9159319851456414
1212,0.9204107227471356
1213,0.9215572471201818
1214,0.9219736952080219
1215,0.9179422724990942
1216,0.9172449960809671
1217,0.9173991876364961
1218,0.9262019892175669
1219,0.9237888930757676
1220,0.9395230993889899
1221,0.9282182335965389
1222,0.9194431873844956
1223,0.9214920938575586
1224,0.9207321135231953
1225,0.9337020464198333
1226,0.9196560459550716
1227,0.9234948749385222
1228,0.9142002425025552
1229,0.9189869556556858
1230,0.9156757171762142
1231,0.9245312502442804
1232,0.9213394789668964
1233,0.9254716805517065
1234,0.9200168788814549
1235,0.9263193386876232
1236,0.9434223273709641
1237,0.9322884751528104
1238,0.9204900801768339
1239,0.9410300933905396
1240,0.93264429392986
1241,0.9143494957983338
1242,0.9168011143766214
1243,0.9231468496520678
1244,0.9206234900876233
1245,0.9162623268698732
1246,0.9238411465675893
1247,0.9197692537598081
1248,0.9207837436882065
1249,0.9163069406953752
1250,0.919856687359788
1251,0.9208862189899205
1252,0.9182568486082113
1253,0.9207031261683876
1254,0.9329361161425185
1255,0.9320296995075639
1256,0.9428848782482014
1257,0.9355464270996449
1258,0.9227331925665696
1259,0.9190891719343046
1260,0.918233349622982
1261,0.922980987946338
1262,0.9240413320331805
1263,0.9171397974214807
1264,0.9228224098850338
1265,0.9210274652285685
1266,0.925752508723231
1267,0.9277124879476498
1268,0.9186720758311326
1269,0.9287798933790702
1270,0.9208074844531924
1271,0.916406702082278
1272,0.9214214043382483
1273,0.9238513958380451
1274,0.9222395521767054
1275,0.9183708204611323
1276,0.9209743028321036
1277,0.9238810697149576
1278,0.9183988519707269
1279,0.9256753770385411
1280,0.9193625714999641
1281,0.9205233922478573
1282,0.9200310206978483
1283,0.9307836187844207
1284,0.915602385239536
1285,0.916649408174684
1286,0.920146992603202
1287,0.9199513558381042
1288,0.9263567790472005
1289,0.9195335894011841
1290,0.9280639941063287
1291,0.9214625396925595
1292,0.927633846464827
1293,0.9199719635914916
1294,0.9178948127886228
1295,0.9282556419186777
1296,0.9207524939361029
1297,0.9188971080364363
1298,0.9244792682935672
1299,0.9189729084823163
1300,0.9176998243441448
1301,0.9251997571104511
1302,0.9219205643556664
1303,0.9212037040961039
1304,0.920449453591501
1305,0.917803731906727
1306,0.923435083785167
1307,0.9098484873925233
1308,0.9205035292902506
1309,0.9249550149098418
1310,0.9186862892379998
1311,0.9141506390571896
1312,0.9159849295336593
1313,0.9149376514934702
1314,0.9165611748340696
1315,0.9127365251983371
1316,0.9071874318128647
1317,0.9128274038778873
1318,0.9138871672212785
1319,0.9161940753802889
1320,0.921248657018745
1321,0.9175301518758466
1322,0.9180157412185954
1323,0.9121417545423963
1324,0.9158725618358277
1325,0.9270718790541624
1326,0.9160729636238483
1327,0.910485689044001
1328,0.9102052214220909
1329,0.9028449638557822
1330,0.9108846825586423
1331,0.9176600236770565
1332,0.9059370603929147
1333,0.9101437121108699
1334,0.9062181188221756
1335,0.9113118200567725
1336,0.9211913865213665
1337,0.9181687993275626
1338,0.9077751327171523
1339,0.9274687063115713
1340,0.9148337867292247
1341,0.9063753376077786
1342,0.9098369197355846
1343,0.9106127989988168
1344,0.91019634146492
1345,0.9098712191269462
1346,0.911848978554797
1347,0.9111339055612818
1348,0.9100309708408849
1349,0.9082485591437895
1350,0.9166902640000889
1351,0.9122899891522925
1352,0.910590678114408
1353,0.9129172338811787
1354,0.9201318630293335
1355,0.9173368087544003
1356,0.9267744652495585
1357,0.9171962100041335
1358,0.9169877111862371
1359,0.9050281684274231
1360,0.9076824663536726
1361,0.9181383217016803
1362,0.9102975083462979
1363,0.909580648809394
1364,0.9172632143472293
1365,0.9124548387635991
1366,0.9124920903493933
1367,0.9153215463951262
1368,0.9122551908782655
1369,0.9167320149288002
1370,0.9100249648392088
1371,0.9065243796445531
1372,0.9125880560454097
1373,0.9160414315932394
1374,0.9088407389321718
1375,0.9100770994693808
1376,0.9174083388263528
1377,0.9132763140715947
1378,0.908694120427396
1379,0.9195608842057845
1380,0.9131089524785948
1381,0.9136788552202701
1382,0.9124679143117543
1383,0.9155017310793627
1384,0.9105517101380276
1385,0.9085973742215515
1386,0.9174714855644384
1387,0.9167448506178095
1388,0.9173358617874688
1389,0.9136072224673051
1390,0.9163541203680938
1391,0.9103829253610383
1392,0.9138888898495763
1393,0.911105701274513
1394,0.9137895991560148
1395,0.9164087789072768
1396,0.9114026214049081
1397,0.9109368134690436
1398,0.9134497089455099
1399,0.9102811897987029
1400,0.9101056870646859
1401,0.9202283443979778
1402,0.913011820291177
1403,0.9082456692197644
1404,0.9171457093343748
1405,0.9110638215047178
1406,0.9146330005270771
1407,0.9063801269977024
1408,0.9087047528295981
1409,0.9146671974251728
1410,0.9139838380860899
1411,0.9112827268155808
1412,0.9106756507398559
1413,0.9108486176607599
1414,0.909289992804268
1415,0.9082421630183305
1416,0.9061336367671866
1417,0.9079823810191041
1418,0.9056029409374926
1419,0.9071955595382634
1420,0.9151633322927328
1421,0.9110601037024664
1422,0.9144263499214773
1423,0.9056870452798089
1424,0.9109588525745786
1425,0.9153798537856557
1426,0.9097319618123724
1427,0.903652647096734
1428,0.9057875944482083
1429,0.8974867274252509
1430,0.9065437987513595
1431,0.905083684444365
1432,0.8985796423318275
1433,0.90341299785817
1434,0.8987409227413046
1435,0.901762341593075
1436,0.9027543192963787
1437,0.905933144534886
1438,0.8970365016097077
1439,0.9118624721503737
1440,0.9054079825300891
1441,0.8979643109090577
1442,0.9018273218517113
1443,0.9015694729444756
1444,0.8989895016405143
1445,0.9025911929203305
1446,0.9058766030612426
1447,0.9029099968376489
1448,0.9034258730194942
1449,0.9006321987615872
1450,0.9061903316666955
1451,0.9040356876898951
1452,0.9045427934936213
1453,0.9088975585206148
1454,0.9106425919228515
1455,0.907855244011825
1456,0.912032303810337
1457,0.9157901700381714
1458,0.9150539118453266
1459,0.895788897980992
1460,0.9017159158533952
1461,0.9109237085385828
1462,0.898679016840948
1463,0.9034293623114097
1464,0.9089127922168949
1465,0.9029590945377939
1466,0.9068559503014069
1467,0.9064052932672176
1468,0.9057041683127448
1469,0.9052933875403973
1470,0.9022584332631989
1471,0.8973058027785535
1472,0.9030724782523744
1473,0.9083834376109405
1474,0.8984084229886486
1475,0.9013432480046879
1476,0.908707029951409
1477,0.9109774336597366
1478,0.9011678506358461
1479,0.9108142017798989
1480,0.9074665711802942
1481,0.9044526817656714
1482,0.9066126580234515
1483,0.9019478418963658
1484,0.9040062841091001
1485,0.9026907755703358
1486,0.9082602657587948
1487,0.9092779148006843
1488,0.910185679745139
1489,0.9066183215071915
1490,0.9065574973607595
1491,0.9018080970316967
1492,0.9017877646914171
1493,0.9032015611800068
1494,0.9070229603069271
1495,0.9116368569367519
1496,0.903755481511823
1497,0.9025785946880682
1498,0.9046936561379337
1499,0.9052541004998553
1500,0.9012297005909213
1501,0.9072636516333401
1502,0.90372856300748
1503,0.8971240226068392
1504,0.9090304831516549
1505,0.9035946799275335
1506,0.9066768350736981
1507,0.9023486388261255
1508,0.8987562464969238
1509,0.9048577799891888
1510,0.9102156296230092
1511,0.9069356424553285
1512,0.9061660226144539
1513,0.904199293857082
1514,0.9030675632948549
1515,0.9028191679261913
1516,0.9032552119664518
1517,0.90174196536393
1518,0.9010585462986969
1519,0.9000540861880227
1520,0.9086997140698964
1521,0.9056834992519953
1522,0.9062873291727385
1523,0.9010756643933289
1524,0.9073986085189036
1525,0.9004777189537279
1526,0.9028916045639938
1527,0.8987181739877255
1528,0.8997653272335432
1529,0.8952447918378084
1530,0.9012758711313509
1531,0.8989793919530491
1532,0.8943972738267806
1533,0.9015098984961915
1534,0.894638039640148
1535,0.8953674268277279
1536,0.8971868517071195
1537,0.8975144318755287
1538,0.891211255323349
1539,0.9008369075896191
1540,0.898331508182677
1541,0.8909928484917097
1542,0.8961340450102988
1543,0.8951847378270162
1544,0.8915919742961106
1545,0.8954793914256414
1546,0.8927068920709043
1547,0.8939600269336054
1548,0.8959137001597369
1549,0.8955631612796757
1550,0.8978488093836515
1551,0.8966259793911395
1552,0.8994855985337078
1553,0.9055809526719831
1554,0.9034678694142285
1555,0.8988776169656272
1556,0.8993119497017436
1557,0.9069219482321409
1558,0.9106104224401531
1559,0.8920791869035212
1560,0.897181344635586
1561,0.9021950548721087
1562,0.8892020611026052
1563,0.8982769850063888
1564,0.9002338639834498
1565,0.8930686394955785
1566,0.9001160366261298
1567,0.8973534502885335
1568,0.8944318971904415
1569,0.8930584426889324
1570,0.8936157452965043
1571,0.8909304769838706
1572,0.8934108190011179
1573,0.9003032758352048
1574,0.8939988696836683
1575,0.8923272507140463
1576,0.9017361958923914
1577,0.8980598360550835
1578,0.896765541281301
1579,0.9037674523330491
1580,0.8978418257049476
1581,0.8979672591306782
1582,0.9025867395892945
1583,0.8914280881681295
1584,0.8947000619943436
1585,0.896123154998023
1586,0.8959949721551579
1587,0.8972747819096778
1588,0.9059186903279323
1589,0.8979669719776034
1590,0.9004632343436493
1591,0.8953914914980838
1592,0.894357183882559
1593,0.8942279722075637
1594,0.8945463000401276
1595,0.8991092454017153
1596,0.8956954609158937
1597,0.8956713541667143
1598,0.897539685045357
1599,0.9004902963904111
1600,0.89927667826429
1601,0.9014942149879552
1602,0.8967359451151105
1603,0.8885646938170487
1604,0.8991001993132137
1605,0.8939176010731603
1606,0.8983544179758236
1607,0.8987587141528084
1608,0.8928159426388137
1609,0.8972757759962633
1610,0.9025911820430286
1611,0.8941655176761594
1612,0.8962810729864311
1613,0.8979755397542255
1614,0.8967612687495424
1615,0.8993552584019907
1616,0.8959518343219959
1617,0.8987264538218631
1618,0.8953954470298752
1619,0.8953997490602305
1620,0.898745292541012
1621,0.8996671233006328
1622,0.8956214293577853
1623,0.8964863177337095
1624,0.8997366878971507
1625,0.8919460741212399
1626,0.895139560040238
1627,0.8930241765564081
1628,0.893933804155407
1629,0.8917884908399747
1630,0.8952414095764992
1631,0.8952776521031842
1632,0.891485089169036
1633,0.8962962790803043
1634,0.8927860046860887
1635,0.8908674689058116
1636,0.8925349613310753
1637,0.8901510468513179
1638,0.8875031509371506
1639,0.8948992302873422
1640,0.8898621277465187
1641,0.8868327860706937
1642,0.8893601459266824
1643,0.8901028430842055
1644,0.8858659820523211
1645,0.890015173320265
1646,0.8871071546705229
1647,0.8866334871265158
1648,0.888350210539176
1649,0.8919345981973215
1650,0.8897646973526737
1651,0.8890049742852927
1652,0.8958830209532178
1653,0.8971288474672258
1654,0.8929936026948971
1655,0.8891278083903088
1656,0.8883714871502402
1657,0.8934180277647469
1658,0.9056186243500575
1659,0.8882601383810265
1660,0.8898232004519657
1661,0.8931117407890992
1662,0.882937082642169
1663,0.8888396148411756
1664,0.9016896504770868
1665,0.8878037632277365
1666,0.8930348376577693
1667,0.8894655342220424
1668,0.8869429916551335
1669,0.8845051585054673
1670,0.8882309499772597
1671,0.8846999097849335
1672,0.8853183582896879
1673,0.8931105260703192
1674,0.8840134088936155
1675,0.886903323818837
1676,0.8924354720888023
1677,0.8880845829087949
1678,0.8916105345007268
1679,0.8990332958735143
1680,0.891144325418493
1681,0.8884533816405261
1682,0.8994000280968939
1683,0.8829841848217062
1684,0.889493226460348
1685,0.8919022594406573
1686,0.8914790819751066
1687,0.8841000185204123
1688,0.8958109452494627
1689,0.8858975038894644
1690,0.8947873086954957
1691,0.8928109557371204
1692,0.8875256734858769
1693,0.885893137963464
1694,0.8843444404168549
1695,0.8857025015929045
1696,0.885960090834241
1697,0.8868836154355907
1698,0.8911751275188652
1699,0.8898617322569515
1700,0.8910307657042884
1701,0.8924170197394704
1702,0.8904208855939116
1703,0.8815298023966011
1704,0.8904140958649284
1705,0.8876933076291664
1706,0.8893142199790064
1707,0.8945143229451838
1708,0.8872348007931585
1709,0.8906955154761935
1710,0.8965566202605432
1711,0.886317830681958
1712,0.8917103246566611
1713,0.8915799850364153
1714,0.8906528400506164
1715,0.8938652492299329
1716,0.8895747821274477
1717,0.8884677955413081
1718,0.8883828042213568
1719,0.8908377476125475
1720,0.8898247571564485
1721,0.8918683516014432
1722,0.8867007085639417
1723,0.8927229662264077
1724,0.8950323258642073
1725,0.8842294500890776
1726,0.8865109957926682
1727,0.8886904588894649
1728,0.8867356839575296
1729,0.8889499772005698
1730,0.88753043567255
1731,0.8893642193926318
1732,0.8879336634569227
1733,0.8863252379927744
1734,0.889840709119037
1735,0.8845768174236294
1736,0.8889077945287726
1737,0.8832643899735823
1738,0.8833433931616422
1739,0.8879517069076995
1740,0.8835056028518673
1741,0.8841112385466892
1742,0.8837405721214624
1743,0.8843875976098491
1744,0.8822396041477951
1745,0.8834134678833538
1746,0.8831233268171953
1747,0.8818869825938757
1748,0.8829932580514857
1749,0.8879325592159286
1750,0.8835010449439304
1751,0.882377958172194
1752,0.893287916479209
1753,0.889224565720572
1754,0.8861714118133425
1755,0.8812421356433668
1756,0.8817506435734568
1757,0.8830805182831318
1758,0.8942516769116173
1759,0.8831710980024007
1760,0.8832528011763359
1761,0.8833032183206684
1762,0.8796937964721813
1763,0.8797153295547435
1764,0.8999338574163658
1765,0.8824733304553573
1766,0.8864682285799527
1767,0.8833089203360271
1768,0.8806476631066926
1769,0.8784690113260741
1770,0.8834016981026341
1771,0.881407989031998
1772,0.8799409667148186
1773,0.8868572876101448
1774,0.8784881912254261
1775,0.8823465169941687
1776,0.8821530712574299
1777,0.880801426893206
1778,0.8871340529073852
1779,0.8940150713643326
1780,0.8863247516390892
1781,0.8807038722230427
1782,0.8901058275138162
1783,0.8772650447452237
1784,0.882218466072021
1785,0.8871000861096473
1786,0.8832783113062315
1787,0.8821273317023769
1788,0.8842126416694664
1789,0.8794801330751326
1790,0.8833189312402446
1791,0.8848846628553262
1792,0.8808496881662101
1793,0.8792090322307496
1794,0.8814970835049132
1795,0.8781674537096381
1796,0.8818836099732599
1797,0.8788612940040234
1798,0.8857181948266735
1799,0.8840091060636752
1800,0.8811101071959446
1801,0.8841658967879147
1802,0.8835915604038994
1803,0.8773260125420332
1804,0.8815318230125008
1805,0.8810786720048011
1806,0.880487988993658
1807,0.8896792998549157
1808,0.8852276312719364
1809,0.8864638568435607
1810,0.883116828192985
1811,0.8817623494678479
1812,0.8849578528686501
1813,0.8833315841727011
1814,0.8857890712249714
1815,0.8867228658342721
1816,0.8852012417303579
1817,0.8840358382534188
1818,0.8824130462217874
1819,0.8877170978651564
1820,0.8848780848784601
1821,0.8825158143550396
1822,0.8776744799897007
1823,0.8857711691906841
1824,0.8837289680871175
1825,0.8818471121693369
1826,0.880987211827891
1827,0.8859403795288572
1828,0.8810420836266074
1829,0.8866803077827925
1830,0.8799441133767744
1831,0.8820131187276186
1832,0.8806261898276151
1833,0.8813410909812992
1834,0.8875373552850605
1835,0.8794451386288765
1836,0.8866560360857284
1837,0.8802377740444799
1838,0.8793771844566294
1839,0.8836689278904342
1840,0.8807745070808218
1841,0.8819070690124691
1842,0.880425982153852
1843,0.8802838104797124
1844,0.8797364613947438
1845,0.8787330761155631
1846,0.8786898768657626
1847,0.8790672785010694
1848,0.8798058574965617
1849,0.8846385057809982
1850,0.8819306933564909
1851,0.87977537998875
1852,0.8887103299642393
1853,0.881401761596162
1854,0.8802336672958194
1855,0.8824753375446283
1856,0.8870373340235899
1857,0.8872038524298324
1858,0.8849534567423065
1859,0.8804811876999512
1860,0.8800177547114032
1861,0.8809081144292482
1862,0.8824024178631954
1863,0.8840054149535909
1864,0.8948148634504797
1865,0.8806374515186149
1866,0.8819266180921419
1867,0.879127836906826
1868,0.8808758762422367
1869,0.8813535870664285
1870,0.8783266818733647
1871,0.8798094901321766
1872,0.8773058670524094
1873,0.8790846885421114
1874,0.8804302386670807
1875,0.8799206489897886
1876,0.87771200587842
1877,0.8786989706845656
1878,0.8813129627773176
1879,0.8877094126741891
1880,0.8817749657598555
1881,0.8775955366831015
1882,0.8811291759307073
1883,0.8820202497006715
1884,0.8777962297650445
1885,0.8819939755209096
1886,0.880465028174558
1887,0.8842910664714437
1888,0.8815854164623332
1889,0.879575831690149
1890,0.879175832373871
1891,0.8809588259897261
1892,0.8799991333213033
1893,0.8797085568167432
1894,0.8847832310919219
1895,0.884750829746319
1896,0.8778523508015199
1897,0.8846750747531507
1898,0.882642119146636
1899,0.878437459460195
1900,0.8782312139029709
1901,0.8796128548497243
1902,0.8790453402101885
1903,0.8785710029586574
1904,0.8787107148864245
1905,0.8771174003985553
1906,0.8772461540941141
1907,0.883932337522622
1908,0.8819076768168779
1909,0.8808294595493709
1910,0.8772834162501131
1911,0.8780976284041546
1912,0.8801461764369904
1913,0.8767397918960332
1914,0.8816518059691641
1915,0.8804651093114921
1916,0.8801438674305351
1917,0.8788772849841813
1918,0.8784742559747292
1919,0.8824265598976221
1920,0.8829455855457312
1921,0.8765823145727509
1922,0.8790886879804921
1923,0.8807059454500415
1924,0.8785171262313726
1925,0.8791005855022638
1926,0.8783753926404687
1927,0.8800435019923246
1928,0.8781961781961916
1929,0.8815446242766475
1930,0.8768591636290434
1931,0.8810249145134894
1932,0.877450122657722
1933,0.878300026239438
1934,0.8840547439165806
1935,0.8786941048192443
1936,0.8815790461777974
1937,0.8769624502641195
1938,0.876625190553958
1939,0.8787322220167237
1940,0.88292165344495
1941,0.8792196086100543
1942,0.8790842210712566
1943,0.8771525230751674
1944,0.8802020678359226
1945,0.8788447690097667
1946,0.8794198162443706
1947,0.8795081826999451
1948,0.8775934705178237
1949,0.8825801636016514
1950,0.8842292254863384
1951,0.881908323320975
1952,0.8847193735033344
1953,0.8794678090507029
1954,0.8802302069947824
1955,0.8803262348622175
1956,0.887162209922949
1957,0.8857638869244154
1958,0.8793792503803802
1959,0.8815746072460615
1960,0.8808601888769418
1961,0.8825461633458931
1962,0.8813140883765069
1963,0.8844873754874513
1964,0.8905218748851575
1965,0.8793890679761648
1966,0.8793654785811447
1967,0.8769012341507485
1968,0.8811536671532723
1969,0.8815222878652127
1970,0.8802202365368559
1971,0.8783360243126694
1972,0.8789075259528412
1973,0.8809574233635521
1974,0.8816851237296068
1975,0.8785029847340656
1976,0.8805011927764897
1977,0.8768126054426104
1978,0.8779327332112217
1979,0.8808874717549755
1980,0.8776490753542923
1981,0.8809706893173346
1982,0.8767462843067274
1983,0.8811383193146985
1984,0.8817272506898045
1985,0.8776052848196387
1986,0.8838915995983259
1987,0.8842088594377026
1988,0.8838044099087494
1989,0.8802919355516485
1990,0.8844344160188469
1991,0.8776053698503473
1992,0.8824537730177405
1993,0.8810593508469295
1994,0.8839874786284889
1995,0.8842902529322995
1996,0.8801427120824697
1997,0.8827619118730524
1998,0.8786566589631154
1999,0.8802300604667189
2000,0.883465072813283
2001,0.8774790305843505
2002,0.8813052101300706
2003,0.8780865977732097
2004,0.8772866684831568
2005,0.8793117032907943
2006,0.8818235564984763
2007,0.8800831144831338
2008,0.8792343336191767
2009,0.8770670876369441
2010,0.8822950959846453
2011,0.8779918203322608
2012,0.8818320317856482
2013,0.8793985947559909
2014,0.8782490918643793
2015,0.8774866267601525
2016,0.8802880217363123
2017,0.8771040968838516
2018,0.8776326154735569
2019,0.8783509720355867
2020,0.8802954607797894
2021,0.8805524208933344
2022,0.8792921729189925
2023,0.8768139549619481
2024,0.8780583658685581
2025,0.8796285902670069
2026,0.8775375810870131
2027,0.8774561085574376
2028,0.8800636614001596
2029,0.8782981549572947
2030,0.8800714813547157
2031,0.8830269231418839
2032,0.8818128136493677
2033,0.8766915420420384
2034,0.8809050416035621
2035,0.8803159091643014
2036,0.8781199391875549
2037,0.878502957797918
2038,0.8777272008085408
2039,0.87665945188572
2040,0.8819834385519972
2041,0.8783628746385029
2042,0.8790528468131537
2043,0.8763955084084213
2044,0.8796425686857244
2045,0.8794071448537601
2046,0.8780579293258961
2047,0.8790237671976622
2048,0.877608814184707
2049,0.879996724587172
2050,0.8825092195766511
2051,0.8796239069816709
2052,0.8826769344637874
2053,0.8811382877825626
2054,0.8807076941003682
2055,0.8793696077061636
2056,0.883533114708821
2057,0.8821471660728104
2058,0.8787858768452842
2059,0.8799105491983795
2060,0.8802921797934297
2061,0.8805633479149214
2062,0.879373512108011
2063,0.8816821964840988
2064,0.8829440772282728
2065,0.8777422189765258
2066,0.8774482400742559
2067,0.8775790724506505
2068,0.8793973557728296
2069,0.8790660698882737
2070,0.8819872840361473
2071,0.8767719697300621
2072,0.878422016846478
2073,0.8831122879748989
2074,0.880199335568221
2075,0.8775119093240734
2076,0.8795701999521933
2077,0.8776878555556253
2078,0.8794064436809141
2079,0.8765339379734061
2080,0.8793961198834084
2081,0.8804484938432262
2082,0.880319924535472
2083,0.8770183239993172
2084,0.8813929369511112
2085,0.8790890069662451
2086,0.8828873480539647
2087,0.8809282037695787
2088,0.8820473292843065
2089,0.8798188775007068
2090,0.8813888800207258
2091,0.878410808794352
2092,0.8822403974479505
2093,0.8773208325762434
2094,0.8806216022117604
2095,0.8820260617873315
2096,0.8785390375005876
2097,0.8785280293169143
2098,0.8770199425717734
2099,0.8816336267234891
2100,0.8809427296782228
2101,0.877559393581808
2102,0.881049674830924
2103,0.8768951838543109
2104,0.877557815643927
2105,0.8782892648362057
2106,0.8813766962207626
2107,0.877358744641129
2108,0.8761489318313164
2109,0.8777535171765014
2110,0.8817089780360072
2111,0.8784675520664413
2112,0.880905947702221
2113,0.8803278694669169
2114,0.8772681814366061
2115,0.8805288059725666
2116,0.8803679659623042
2117,0.8786630908004879
2118,0.8798004360224045
2119,0.8779012864159321
2120,0.8783380214457205
2121,0.8813567137332211
2122,0.8760277591672148
2123,0.8783034843649127
2124,0.8807709802299731
2125,0.8796682903421875
2126,0.8767343367615026
2127,0.8782572995268165
2128,0.8791437573613528
2129,0.8760789121091419
2130,0.8784445366634874
2131,0.8823103411918689
2132,0.8823459196433979
2133,0.878361883752377
2134,0.8789091001583296
2135,0.878637094550557
2136,0.8786659197462076
2137,0.8779767424700148
2138,0.8777843985335518
2139,0.8786409888110824
2140,0.8800622429712182
2141,0.877980820772699
2142,0.8778465835955798
2143,0.8768799109454587
2144,0.8782711704390915
2145,0.879526191111193
2146,0.8774032193849293
2147,0.8773820765922861
2148,0.8769471054981122
2149,0.8778802583316232
2150,0.8794713014014828
2151,0.8770689350590439
2152,0.8791229684423114
2153,0.8797445700929901
2154,0.8804657293634711
2155,0.8783365205855052
2156,0.8800130384611025
2157,0.8801517184551977
2158,0.8800216895460283
2159,0.8772658817589093
2160,0.8791719819569486
2161,0.8787832146537127
2162,0.8780394004646581
2163,0.8776821628955345
2164,0.877072492206367
2165,0.8766150840595991
2166,0.8765152886069412
2167,0.8777279906962541
2168,0.8780891337218639
2169,0.8765281735934322
2170,0.880112077603202
2171,0.8769669866669253
2172,0.8775107997323388
2173,0.8804983392989221
2174,0.87748813989521
2175,0.8765415315175507
2176,0.8778666300827984
2177,0.8773633812585304
2178,0.8780353296098066
2179,0.8791430199360762
2180,0.8791504829757891
2181,0.8790530658055089
2182,0.8804132733624497
2183,0.8769443518160303
2184,0.8790857406245898
2185,0.8780032948705723
2186,0.8784627587399302
2187,0.877743590221969
2188,0.8780919040675138
2189,0.8776540388349455
2190,0.879095766783202
2191,0.8794003630892211
2192,0.8792044872107212
2193,0.87654222759523
2194,0.877487970431247
2195,0.8800895429871851
2196,0.8769921646665274
2197,0.8776173267183104
2198,0.8784319939310554
2199,0.8775460603285805
2200,0.8787396003533527
2201,0.876921061466561
2202,0.8797770735522307
2203,0.8762667336302525
2204,0.8773564724518453
2205,0.877023319895571
2206,0.877855975459541
2207,0.8773285561771673
2208,0.8776395078890742
2209,0.87794449818358
2210,0.8798360263786736
2211,0.8775307894489413
2212,0.8799259656768977
2213,0.8762608777513662
2214,0.8785490715505193
2215,0.8807326270828106
2216,0.8778663149623352
2217,0.8779849111362907
2218,0.8786666273924311
2219,0.8797124008872225
2220,0.8762206913463907
2221,0.879656960793783
2222,0.8769026119212381
2223,0.8780751546149161
2224,0.8799673743000628
2225,0.8775319972310013
2226,0.8771192772647418
2227,0.8781961068303186
2228,0.8778092704502128
2229,0.8773235632508116
2230,0.8766687608220589
2231,0.8806952727797899
2232,0.879275332921453
2233,0.8784820957151926
2234,0.8777115772658363
2235,0.8771736569800525
2236,0.8797137781210035
2237,0.8768269497863885
2238,0.8770148142807352
2239,0.8782552432480212
2240,0.8784671434091452
2241,0.8772533776499898
2242,0.8767641263617181
2243,0.8764723509512141
2244,0.8769945360053092
2245,0.877893438558336
2246,0.87651981770176
2247,0.8763722932331073
2248,0.8764716021090527
2249,0.8768099039843208
2250,0.8780776989020878
2251,0.8762665785180298
2252,0.8766490873511475
2253,0.8773807968547477
2254,0.8782170097647414
2255,0.8768411111160697
2256,0.8779851354589715
2257,0.8777055357242384
2258,0.8789063464824659
2259,0.8760947937181846
2260,0.8768855492561447
2261,0.876984094510076
2262,0.8781228378352327
2263,0.8789658465186203
2264,0.8807388185385704
2265,0.8766811178441657
2266,0.8778066214694435
2267,0.8768598938625651
2268,0.8768928731414287
2269,0.8770087669511445
2270,0.876487974025707
2271,0.8768862734345221
2272,0.876703238653422
2273,0.8768451226745804
2274,0.8780457017853848
2275,0.8761052826637793
2276,0.8768402115253688
2277,0.8766359137689096
2278,0.8764565833768972
2279,0.8797194435776654
2280,0.8769611747567592
2281,0.8767079202707135
2282,0.8778980025516856
2283,0.8773942751217773
2284,0.8764947317358486
2285,0.8769411837569823
2286,0.8763052171429041
2287,0.8765934650828736
2288,0.8762435086893061
2289,0.8764336101748593
2290,0.8772523730877934
2291,0.8779720365582517
2292,0.8773861975486876
2293,0.8769889950114252
2294,0.8764542458644935
2295,0.8774473132507179
2296,0.8770080861468617
2297,0.8779563115372829
2298,0.8776886139002943
2299,0.8766611079832927
2300,0.8772019437213809
2301,0.8762340952950425
2302,0.8773749388485232
2303,0.876434770205076
2304,0.8765835801154097
2305,0.8759291661984694
2306,0.8762344839601811
2307,0.8785231809064571
2308,0.8775804059095396
2309,0.8769670278371342
2310,0.876646582877084
2311,0.8764256327908471
2312,0.8782271710406687
2313,0.8765271665011507
2314,0.8782128965603619
2315,0.8788338950713265
2316,0.8771680126719641
2317,0.8772164346900091
2318,0.8768692663083452
2319,0.8781896841520861
2320,0.8766228173930853
2321,0.8775776155340328
2322,0.8772035987601968
2323,0.8764342944672096
2324,0.8778269840571551
2325,0.8770981318645444
2326,0.8768183356372877
2327,0.8778945645643063
2328,0.8765999286322177
2329,0.8774804482386818
2330,0.8758874881710565
2331,0.87882298675128
2332,0.8762267290254228
2333,0.8767796450199034
2334,0.8765778530485385
2335,0.8761498745140268
2336,0.8775476364952848
2337,0.8761611983509159
2338,0.8762244380303549
2339,0.8773930546519947
2340,0.8771536976815597
2341,0.8771412404836959
2342,0.8763110120255827
2343,0.8761315864844377
2344,0.8758219550401405
2345,0.8774127926780331
2346,0.8760762980936881
2347,0.8761792976851533
2348,0.8763838216332505
2349,0.8765113380761278
2350,0.8782378874495828
2351,0.876293087185264
2352,0.8772278557877495
2353,0.8761654827835542
2354,0.8767438855854925
2355,0.8763452168177026
2356,0.8775125247299093
2357,0.8764533717195908
2358,0.8777366456174882
2359,0.8776315360686209
2360,0.8760503734610835
2361,0.8763440592152484
2362,0.8775381933516891
2363,0.8789804242395849
2364,0.8821813837550232
2365,0.8771217921566816
2366,0.8786666519005043
2367,0.876058892619671
2368,0.8767348080616659
2369,0.8768795370606852
2370,0.8770773642434959
2371,0.8762997165232939
2372,0.8763774802643584
2373,0.8778993321660836
2374,0.8774411863652308
2375,0.8771107896892012
2376,0.8772938458624682
2377,0.8762158028703667
2378,0.8766995394405125
2379,0.8775262619395537
2380,0.876774667651963
2381,0.8762325494043742
2382,0.8760680426519336
2383,0.8774797720509778
2384,0.8772398618868056
2385,0.8762293299650097
2386,0.8768527607726078
2387,0.8774653144410018
2388,0.877089551447037
2389,0.8769534926948053
2390,0.8759250642999842
2391,0.8762550800849461
2392,0.8764671952262051
2393,0.8769296071887092
2394,0.8769449934482443
2395,0.876102419429267
2396,0.876574419188251
2397,0.8783565612211952
2398,0.8767651631760366
2399,0.8770289438755295
2400,0.8760697696505092
2401,0.8760702552379185
2402,0.8772628186637236
2403,0.8762437096794332
2404,0.876560638859607
2405,0.8766873916876088
2406,0.8766067488168152
2407,0.8775452443085807
2408,0.8765678100190146
2409,0.8764519505834303
2410,0.8767201598960571
2411,0.8759601065416287
2412,0.8771274220162976
2413,0.8763234933288894
2414,0.8771413919615006
2415,0.8767058487491639
2416,0.8769977629220083
2417,0.8763936209078742
2418,0.8759303814807926
2419,0.8766623534456787
2420,0.8765763221161266
2421,0.8763969643391862
2422,0.8770174727564316
2423,0.8761619306653088
2424,0.8759636354443581
2425,0.8768818427568883
2426,0.8764208274406821
2427,0.8773746601173719
2428,0.8764449164151511
2429,0.8771197275493052
2430,0.8760699416435405
2431,0.8777077481445538
2432,0.8771956900850539
2433,0.8762892960577574
2434,0.8763351314132429
2435,0.8762728856334392
2436,0.8759028474159164
2437,0.8758912635300788
2438,0.8764874512956857
2439,0.8764345863045383
2440,0.8762651314797782
2441,0.8769787919480797
2442,0.8764696865284463
2443,0.8759605424396163
2444,0.876231897520958
2445,0.8772916713587338
2446,0.8760066726149156
2447,0.8763920287073941
2448,0.8762319146274193
2449,0.8771293550027837
2450,0.877218558064218
2451,0.8762169859374949
2452,0.8769433336789654
2453,0.8764544523949498
2454,0.8758002382955923
2455,0.8765548304447869
2456,0.8771600718883787
2457,0.8763097537437691
2458,0.8762881818311113
2459,0.8777537913253707
2460,0.8765843715588004
2461,0.8767432967948379
2462,0.8766000712694513
2463,0.8782219032954411
2464,0.878307394645552
2465,0.8764717600104922
2466,0.8774031182194018
2467,0.8760457448276537
2468,0.8768498826777418
2469,0.8767356350712723
2470,0.8769426105046565
2471,0.8758904744434389
2472,0.8763214817525865
2473,0.8775878168677287
2474,0.8767473394998659
2475,0.8772791061501698
2476,0.8772423137996025
2477,0.8760971053464441
2478,0.8765990150520155
2479,0.8763649448801963
2480,0.8766243275239051
2481,0.8765125097031787
2482,0.8765076750461143
2483,0.8767622975812153
2484,0.8773798690644801
2485,0.8763314902049573
2486,0.8768153410321616
2487,0.876930715390042
2488,0.8767558424781436
2489,0.8769490243007048
2490,0.8762813001079871
2491,0.876778048595453
2492,0.8765882767552466
2493,0.8764748033356664
2494,0.8769106777261321
2495,0.8766593574221576
2496,0.8764559949666513
2497,0.8779427765781984
2498,0.876195140925244
2499,0.8766779393034515
2500,0.8758350018886805
2501,0.8765212846091397
2502,0.8771934140885769
2503,0.8761645698302006
2504,0.8769721044724418
2505,0.8766658674468414
2506,0.8766398720222729
2507,0.8760850540630419
2508,0.875930894873157
2509,0.8759455221785855
2510,0.8764595176742511
2511,0.8759839184034662
2512,0.8761489133807804
2513,0.8757308227142798
2514,0.876058792319446
2515,0.8764981850512413
2516,0.8766440927493294
2517,0.8762727024292373
2518,0.8758542365142099
2519,0.8760233574649208
2520,0.8761447059668678
2521,0.8767271222995308
2522,0.8763105967805649
2523,0.8764036597297367
2524,0.8763295551830519
2525,0.8763209044123861
2526,0.8761228556059241
2527,0.8765288246654858
2528,0.876405832242997
2529,0.8761279399673658
2530,0.8760709807926198
2531,0.876302338767097
2532,0.8770931476949715
2533,0.8763517787236333
2534,0.8769281841554114
2535,0.8762301221164244
2536,0.8762572902014973
2537,0.8759378936833229
2538,0.876331457542043
2539,0.876022177565064
2540,0.8758550697029847
2541,0.8763503767050276
2542,0.8762857147418012
2543,0.8759910415296025
2544,0.8760999862473682
2545,0.8766094473228241
2546,0.8761251840529818
2547,0.8761831306726797
2548,0.8760058846683032
2549,0.8768153526827285
2550,0.8763716040745279
2551,0.8760810924402851
2552,0.8762164705831367
2553,0.8764135589288946
2554,0.8761543738256252
2555,0.8762299158699876
2556,0.8769809430132891
2557,0.8763126623161732
2558,0.8764018400612781
2559,0.8770610041094855
2560,0.8765489835835933
2561,0.8764113692480453
2562,0.8760227418095982
2563,0.8767681111170051
2564,0.8763038897223527
2565,0.8762063631110594
2566,0.8761155957800791
2567,0.8762140687656637
2568,0.8764899426666528
2569,0.8762564619063272
2570,0.8767654469065079
2571,0.8761442693693455
2572,0.8760480796935898
2573,0.8765514760866575
2574,0.8762002257217308
2575,0.8769652675914408
2576,0.8765266251786827
2577,0.8759629036663936
2578,0.876326941821249
2579,0.8770541707126879
2580,0.8776291728765245
2581,0.8763696036794018
2582,0.8765187217882997
2583,0.8763119373023504
2584,0.8769120647161961
2585,0.8762478494921668
2586,0.8764020493874948
2587,0.8764632513120761
2588,0.8762157646457343
2589,0.8765699053348348
2590,0.8762418876637861
2591,0.8767552489624318
2592,0.8765602558351836
2593,0.8760862882578712
2594,0.8761620995426417
2595,0.876458438118785
2596,0.8766088418848578
2597,0.876616045447931
2598,0.8761818478697199
2599,0.8762940283071565
2600,0.8760444029707755
2601,0.8763048017075786
2602,0.8772646053772183
2603,0.8760185386574653
2604,0.8769037779943482
2605,0.8763896327219687
2606,0.8764799479366163
2607,0.8761617373760162
2608,0.8760681428353608
2609,0.8758530608067144
2610,0.8760174078571416
2611,0.8760225996177324
2612,0.8761209464354144
2613,0.8762665489824708
2614,0.876243307072745
2615,0.8767515292050334
2616,0.8762850938410778
2617,0.8763066743717195
2618,0.87592966075892
2619,0.8761347132141708
2620,0.87576821179927
2621,0.8766186091116138
2622,0.8762294045160086
2623,0.8764052369080085
2624,0.8764184414009641
2625,0.8759638544363305
2626,0.8759247211684529
2627,0.8763938503821156
2628,0.8762749538433008
2629,0.8760382290383897
2630,0.8759013926075646
2631,0.8762209937884979
2632,0.8764483825670566
2633,0.8762030722815353
2634,0.8768680178418276
2635,0.8759723157631274
2636,0.8761514828398014
2637,0.8759319972453302
2638,0.8760541824475159
2639,0.8761070444040099
2640,0.87589488021725
2641,0.8757784274954925
2642,0.8758008890406436
2643,0.8758142414703228
2644,0.8758343936962488
2645,0.8761696242426084
2646,0.8760763636304572
2647,0.8759903378731264
2648,0.8758145087366127
2649,0.8763531897517438
2650,0.8759064060463252
2651,0.8759119825972244
2652,0.876625826088362
2653,0.8763055413185221
2654,0.8760394097156793
2655,0.8759971382596146
2656,0.8763900173895471
2657,0.8760552184516844
2658,0.8760884059934697
2659,0.8757900484435338
2660,0.8761321713327712
2661,0.8759267558027458
2662,0.8757894105187884
2663,0.8767967760969695
2664,0.877059630609837
2665,0.8759995212697238
2666,0.8761485748947233
2667,0.8761165959661162
2668,0.8762711940300116
2669,0.8760913597696101
2670,0.8765423680928413
2671,0.8760734348285579
2672,0.8759324399134076
2673,0.8760384230592162
2674,0.876423395971601
2675,0.8759155685408778
2676,0.8760515765352693
2677,0.8759552591510444
2678,0.8760483987298648
2679,0.8768325076642604
2680,0.8776954937064035
2681,0.8760841418177467
2682,0.8762909554189303
2683,0.8758888449974169
2684,0.8766375233312804
2685,0.8760626794727767
2686,0.876119372802001
2687,0.8759700553031544
2688,0.8759996428147194
2689,0.8761283701032619
2690,0.875896202177481
2691,0.8762680567653421
2692,0.8761280249249438
2693,0.8758299634171803
2694,0.8761671141993149
2695,0.876003753728198
2696,0.8762398701769273
2697,0.8762173767117725
2698,0.8761847141183147
2699,0.8759801080015963
2700,0.8760285911492407
2701,0.8758817746319844
2702,0.8769624335310624
2703,0.8757889958627517
2704,0.8762090543650413
2705,0.8760270283204838
2706,0.8761897690013059
2707,0.8762414179918505
2708,0.8760022265554132
2709,0.8758564298033283
2710,0.8758513305400436
2711,0.8760968407504697
2712,0.8759583023872457
2713,0.8763493632700462
2714,0.8761762389132473
2715,0.8766750994925748
2716,0.8759709031570854
2717,0.8762610129703122
2718,0.8759162077364463
2719,0.8760910611307388
2720,0.8757746627192609
2721,0.8762487157061578
2722,0.8766194225379925
2723,0.8761647200896375
2724,0.8763001765555317
2725,0.8759244788054616
2726,0.8759814704764978
2727,0.8762002036658252
2728,0.8761750679337333
2729,0.8762168884345612
2730,0.8757925266590959
2731,0.8761917996459241
2732,0.8758656127185942
2733,0.8760370781557464
2734,0.8764628359719735
2735,0.8759808221452643
2736,0.8758996252343515
2737,0.8758938330629953
2738,0.87588662617929
2739,0.8761077521171056
2740,0.8758759646673946
2741,0.8758663777385971
2742,0.875715258447753
2743,0.8757884789318973
2744,0.8758904261297182
2745,0.8761802571402293
2746,0.8758173416439924
2747,0.8757897241227341
2748,0.8758101798930056
2749,0.8760983093245626
2750,0.8757751098465617
2751,0.8758858495270172
2752,0.8765785603325476
2753,0.8760928074102073
2754,0.8758842991054833
2755,0.8758984398818052
2756,0.8763032879751231
2757,0.8759397764078907
2758,0.8759160266785089
2759,0.8759871801457805
2760,0.8757427067976754
2761,0.8757353681305647
2762,0.8757802454446384
2763,0.8766782470327696
2764,0.8767996537078552
2765,0.8757803963434531
2766,0.8760142302522008
2767,0.8760086769550595
2768,0.8759199325518804
2769,0.8758992030046464
2770,0.8762715539425031
2771,0.8758986714032272
2772,0.8758494841441546
2773,0.8764962626618549
2774,0.8765202097267861
2775,0.8760776344296809
2776,0.8761631144825544
2777,0.8759210799748716
2778,0.8758967515426304
2779,0.8761194352226871
2780,0.8772083899492643
2781,0.8759830281600559
2782,0.8759894142031103
2783,0.8759654044867605
2784,0.8763209168605379
2785,0.8760069723809568
2786,0.8760087332046979
2787,0.876096285358598
2788,0.8760652935829885
2789,0.8760324504688407
2790,0.8760262026526657
2791,0.8760991651679071
2792,0.8757960145175805
2793,0.8760188045340922
2794,0.8761132964136003
2795,0.8757703485193904
2796,0.876052822849042
2797,0.8764088045246694
2798,0.8761529000951069
2799,0.8760723001124301
2800,0.8758802382368529
2801,0.875914330920649
2802,0.8763161732509207
2803,0.8757486487210334
2804,0.8761600221197534
2805,0.8759274908498316
2806,0.8759444731586923
2807,0.8759305304646647
2808,0.8758180961665779
2809,0.8758276301406499
2810,0.8761018419292709
2811,0.8759361122705906
2812,0.8759106589798134
2813,0.8759684469661493
2814,0.8759617916985298
2815,0.8763693661795849
2816,0.8758598927317105
2817,0.8760912580544538
2818,0.8757902409263927
2819,0.8759347791499826
2820,0.8757779596233704
2821,0.8761142760137586
2822,0.8765437269091935
2823,0.8759072696423652
2824,0.8760089003914946
2825,0.8758717156575834
2826,0.8759669302159107
2827,0.8761156647771314
2828,0.8760478761254625
2829,0.8760898833202135
2830,0.8757492047123304
2831,0.8761019279767742
2832,0.8763496624119174
2833,0.8759187137643787
2834,0.8759647468267308
2835,0.8759755459258773
2836,0.8760386606478688
2837,0.8758642288080367
2838,0.875967690093351
2839,0.8760548262193992
2840,0.8758069996661871
2841,0.8758436182604091
2842,0.875721112070775
2843,0.875756764816702
2844,0.8758415457181545
2845,0.875947800135385
2846,0.875733476189374
2847,0.8756949850187339
2848,0.8757797710625111
2849,0.875988903447479
2850,0.8757390856480791
2851,0.8759771760106616
2852,0.8762012311148444
2853,0.8759522698223334
2854,0.875728061597107
2855,0.8757783725601774
2856,0.8762121617515005
2857,0.8758248358662787
2858,0.8758068790607709
2859,0.8759819467883697
2860,0.8760391924127399
2861,0.8758063721582803
2862,0.8757437854009603
2863,0.876489242389461
2864,0.8761438307795921
2865,0.8757653951291934
2866,0.8759459665352225
2867,0.8759010458499085
2868,0.8757543937722034
2869,0.8759507803511664
2870,0.8764400770735179
2871,0.8758948869992221
2872,0.875911092552133
2873,0.8764788079771383
2874,0.8759671352595351
2875,0.8760575794518803
2876,0.8762786303812331
2877,0.8758591237811619
2878,0.875723707675237
2879,0.8757824675354001
2880,0.8763969198677776
2881,0.8759019472164944
2882,0.8763110545634777
2883,0.8759728423572357
2884,0.876023757059256
2885,0.8758889507394207
2886,0.8761863039017969
2887,0.8761243572553686
2888,0.8760671248930708
2889,0.8760647608740499
2890,0.8758669091841415
2891,0.8761999965427236
2892,0.8757053657734168
2893,0.8759744899533116
2894,0.8760091800230884
2895,0.8759345715373206
2896,0.875756559652374
2897,0.876430274635914
2898,0.8760393089433178
2899,0.8761693751615185
2900,0.8757644869507684
2901,0.8759180868505366
2902,0.8758299778836722
2903,0.8756957688762763
2904,0.8760437449970406
2905,0.8760031975577758
2906,0.8760802517322624
2907,0.8757622595613296
2908,0.8757165640036133
2909,0.875780219292116
2910,0.8760428297250872
2911,0.8758950110837238
2912,0.8758127876584253
2913,0.8757182038210738
2914,0.8758524251796523
2915,0.8760820427164404
2916,0.8757644647790872
2917,0.8757862970009969
2918,0.8757131036534787
2919,0.8757756968375976
2920,0.8756942029298489
2921,0.8762253844033727
2922,0.8764861825040029
2923,0.8759174432626766
2924,0.8759599658362592
2925,0.8758404861119202
2926,0.8757783896483189
2927,0.8758974767459757
2928,0.875769896684133
2929,0.8759610532736224
2930,0.8757809682194256
2931,0.8760512664701845
2932,0.876332288678245
2933,0.8758684870944758
2934,0.8759586767700356
2935,0.8758878137667896
2936,0.8760223036487665
2937,0.8758636550524735
2938,0.8759900765476119
2939,0.8759885862893464
2940,0.8757227260452046
2941,0.8758084021412021
2942,0.8757236236389633
2943,0.8757363476052824
2944,0.8758860477344353
2945,0.8757209714148544
2946,0.8757125418583153
2947,0.8757144720878169
2948,0.875753575656465
2949,0.8757608255845881
2950,0.8758142749332208
2951,0.8759891719213082
2952,0.8758516038468913
2953,0.8760059012280985
2954,0.8757812570603585
2955,0.8757144479842672
2956,0.8760973820169462
2957,0.8757290082547963
2958,0.875942555644593
2959,0.8758208447260352
2960,0.8760980484170466
2961,0.8757934376541694
2962,0.8757412261366443
2963,0.8761089672288185
2964,0.8762397397679412
2965,0.8757415672864752
2966,0.8758925403105319
2967,0.8756927760347459
2968,0.8757499485030407
2969,0.8759200315599078
2970,0.8761561694721112
2971,0.8759415537239809
2972,0.8758645933396041
2973,0.8759945410315498
2974,0.875791825464336
2975,0.8759421702802781
2976,0.8757797255476143
2977,0.8757849513163302
2978,0.8757718352296027
2979,0.8760854320720638
2980,0.8760245912278417
2981,0.8758417378544504
2982,0.8762266520336277
2983,0.8758213233159908
2984,0.8759486727336013
2985,0.8758641512442679
2986,0.8761167168579161
2987,0.8758806885872734
2988,0.8759219774833977
2989,0.8760384768712666
2990,0.8758557651730426
2991,0.876197132122469
2992,0.8757037536052499
2993,0.875862849041265
2994,0.8758021597102661
2995,0.8758281772644637
2996,0.8757018192828668
2997,0.8763743551139473
2998,0.8759565757263607
2999,0.8761568505840099
3000,0.8757008946237478
3001,0.8758785963980011
3002,0.8758008572336367
3003,0.8757136257881838
3004,0.8758014938667315
3005,0.8759401381431452
3006,0.8760470413100881
3007,0.8758027158924844
3008,0.8757615833688492
3009,0.87572317513606
3010,0.8758539073418002
3011,0.8759626752288112
3012,0.8757224508505803
3013,0.8757903519165757
3014,0.8757548065070806
3015,0.8757093719145747
3016,0.8757192542122443
3017,0.8757172487931993
3018,0.8757563337135279
3019,0.8758348118583706
3020,0.8757455564090988
3021,0.8760588094652334
3022,0.8757890081960811
3023,0.8759699738596061
3024,0.8761934880945605
3025,0.8757739854519221
3026,0.8757320639956658
3027,0.8758066855698008
3028,0.875707604223616
3029,0.8758497215474463
3030,0.8757678147456539
3031,0.876031574429589
3032,0.876083725861299
3033,0.8757388957566414
3034,0.8758662138039921
3035,0.8758614952386374
3036,0.8759578889553604
3037,0.8757167867692255
3038,0.8757771960018186
3039,0.8759179464099971
3040,0.8757078836030827
3041,0.8757557764793853
3042,0.8757112893909327
3043,0.8757111400764357
3044,0.8758369846215192
3045,0.8757080587935285
3046,0.8757149363195094
3047,0.8757103534796861
3048,0.8757198972597952
3049,0.8757451154051218
3050,0.8757928138016814
3051,0.8757593236165022
3052,0.8757404468360906
3053,0.8759763463325277
3054,0.8758051294441864
3055,0.8757591251067947
3056,0.876060185310173
3057,0.8757458524995929
3058,0.8758337850628795
3059,0.8757563428043101
3060,0.8759572845668755
3061,0.8757446002112205
3062,0.8757375454763962
3063,0.8760241034093729
3064,0.8763018847768552
3065,0.8757142743665194
3066,0.8758027361853683
3067,0.8757461634038828
3068,0.8757413709710041
3069,0.8758305695589987
3070,0.8759676397273058
3071,0.8759165630130877
3072,0.8757633473906435
3073,0.8759024787820529
3074,0.8757778089847971
3075,0.8758478724979568
3076,0.8757934609986217
3077,0.8757027636292237
3078,0.8757824779252554
3079,0.8760211753709076
3080,0.8759571899084126
3081,0.8758452193769315
3082,0.8759891910403401
3083,0.8757099331211626
3084,0.876019721219699
3085,0.8758146330211947
3086,0.875989071436763
3087,0.8758131949239765
3088,0.8759060469479547
3089,0.8758092350496879
3090,0.8757878219580651
3091,0.8760693200438356
3092,0.8757206361153532
3093,0.8757461903207048
3094,0.8757448102004634
3095,0.8757648917380367
3096,0.8757436733294169
3097,0.8762562948915439
3098,0.8757223272350769
3099,0.8760710488532404
3100,0.875741728678093
3101,0.8756939293591307
3102,0.8758745928744195
3103,0.8757153684413785
3104,0.8757701854318973
3105,0.8758784186267559
3106,0.8759972279089786
3107,0.8757877217918976
3108,0.8757523287952549
3109,0.8756901312938783
3110,0.8758012755945068
3111,0.8759322951841562
3112,0.8757982978221492
3113,0.8757426893919175
3114,0.8756982124916095
3115,0.8759125118617643
3116,0.8757590955005438
3117,0.8757290743894152
3118,0.8757313582386201
3119,0.8758198099555526
3120,0.8757231321905177
3121,0.8759509640090295
3122,0.8758237954681941
3123,0.8759358126934226
3124,0.8760416896321788
3125,0.8757071368028708
3126,0.875695737330906
3127,0.8757314161615243
3128,0.8757264364066584
3129,0.8757593905840451
3130,0.8757424160802718
3131,0.8759781695246711
3132,0.87589555247127
3133,0.8757544723277149
3134,0.8758450162099553
3135,0.875854784114567
3136,0.8758514437746623
3137,0.8757144689500385
3138,0.875738856647475
3139,0.8758640075201797
3140,0.8756890188305342
3141,0.8757089161302838
3142,0.8757061812947438
3143,0.8756996327550685
3144,0.8757619771372547
3145,0.87570218860682
3146,0.8757241384317128
3147,0.8756968510728995
3148,0.8756973353409144
3149,0.8757111436148544
3150,0.8757252885872329
3151,0.8756907256357587
3152,0.8758303336309391
3153,0.8758882815495641
3154,0.8757337554458781
3155,0.8757424201406278
3156,0.8760224004900783
3157,0.8757684973144891
3158,0.8757510286256118
3159,0.8759194622003431
3160,0.875774533526926
3161,0.8757096113815329
3162,0.8757265735150802
3163,0.8758303249783591
3164,0.8759114593477566
3165,0.8756895327810622
3166,0.8757352369717893
3167,0.8757590882041044
3168,0.8757217530625967
3169,0.8757545757275994
3170,0.875838961699772
3171,0.8756853530519138
3172,0.8757365328749673
3173,0.8758041723078666
3174,0.8757642726082155
3175,0.8759746328931106
3176,0.8757761835161565
3177,0.8757253975790343
3178,0.8757396878303801
3179,0.8757124098380499
3180,0.876102807778496
3181,0.8758138197527663
3182,0.8758852860185955
3183,0.8757212100023619
3184,0.8760024580783493
3185,0.8757560431094714
3186,0.8757316876836309
3187,0.8757190233905968
3188,0.8759025653836898
3189,0.875761611576345
3190,0.8756928411312188
3191,0.8759691856307318
3192,0.8757214426420513
3193,0.8757201545501752
3194,0.8757076002571464
3195,0.87572559217413
3196,0.8757338092175881
3197,0.8759953437623818
3198,0.8757352717220246
3199,0.8759329404208221
3200,0.8757420544909775
3201,0.8757425759938903
3202,0.8758427474406223
3203,0.8756868842724169
3204,0.8758025147583736
3205,0.8758436566312479
3206,0.8758980861912189
3207,0.8756936568640692
3208,0.8757264472853028
3209,0.8757163770713698
3210,0.8757703718911091
3211,0.8757166415562249
3212,0.8757847896424653
3213,0.8757140670001069
3214,0.875712567761242
3215,0.8759431433135683
3216,0.8757409420805141
3217,0.8757535819824235
3218,0.8757047854865674
3219,0.8757956438415117
3220,0.8756923544815394
3221,0.8758862010959629
3222,0.8758059236933506
3223,0.8758107120188598
3224,0.8758359825044976
3225,0.8757079189989744
3226,0.8757137495342767
3227,0.8757070302720095
3228,0.8757249743491757
3229,0.8757416832247723
3230,0.875698169042564
3231,0.875921112260503
3232,0.8759713939051119
3233,0.8757579103359945
3234,0.8758167850094808
3235,0.8757019532921315
3236,0.8758766411602068
3237,0.8756983028788459
3238,0.8756945605568336
3239,0.8758415099197427
3240,0.8757047629447361
3241,0.8756932613123287
3242,0.8757002936720324
3243,0.87568934672588
3244,0.8757142129647028
3245,0.8757229624347203
3246,0.8756949107589749
3247,0.87568974828928
3248,0.8757045121437378
3249,0.8756905124858494
3250,0.8756904759610409
3251,0.8757100329772826
3252,0.8758200350989305
3253,0.8758729420376539
3254,0.8757030551439464
3255,0.8756952951760674
3256,0.8759847681359484
3257,0.875730302358814
3258,0.8757179884004302
3259,0.8759038729047912
3260,0.8757167662184491
3261,0.8756953728162004
3262,0.8757144535582934
3263,0.8757867993398981
3264,0.8757689497988778
3265,0.87568194626425
3266,0.8757479314693847
3267,0.8757450561213941
3268,0.8756978008409034
3269,0.8757064899173359
3270,0.8759498874947137
3271,0.8756992760704317
3272,0.8757149341870795
3273,0.8758063130318171
3274,0.8757328810129612
3275,0.8759668797061259
3276,0.8757555812049057
3277,0.8757305370352186
3278,0.8756910760669081
3279,0.8757477361903782
3280,0.8759180382639378
3281,0.8757430387038744
3282,0.8759131621116877
3283,0.875720714012932
3284,0.875979513562136
3285,0.8757200935016507
3286,0.8756970069535217
3287,0.8756913217131995
3288,0.8757228055890209
3289,0.8757231766485053
3290,0.8757060013071053
3291,0.8758716680768285
3292,0.875711002840007
3293,0.8757286535074604
3294,0.875699990449274
3295,0.8756963174720113
3296,0.8756979365526947
3297,0.8758011317303044
3298,0.8757616594362692
3299,0.8759780736743392
3300,0.875696766699363
3301,0.8757365527829711
3302,0.8757640706478664
3303,0.8756919523878889
3304,0.8757894591539013
3305,0.8758517560443466
3306,0.8758774401442426
3307,0.8757020141900781
3308,0.8756898632876641
3309,0.8757124239374029
3310,0.8757204924213849
3311,0.8756961175011776
3312,0.8757384222385052
3313,0.8756981440834257
3314,0.8757099271718007
3315,0.8757573377483113
3316,0.8757277762903872
3317,0.8757164000391311
3318,0.8756922935864907
3319,0.8757316929211083
3320,0.87569782750887
3321,0.8758389819274277
3322,0.8757164818059984
3323,0.8756953447267385
3324,0.8757123205463745
3325,0.8757144891493434
3326,0.87571436199613
3327,0.8757536014447044
3328,0.8757118469065004
3329,0.8757815054369182
3330,0.8756903131286203
3331,0.8758541016160654
3332,0.8759605457997405
3333,0.8757419956709204
3334,0.8757569027366052
3335,0.8756884794374851
3336,0.8757074767777725
3337,0.8756817383426476
3338,0.8756939377886961
3339,0.8757171800001428
3340,0.875701126238491
3341,0.875712352518765
3342,0.8756851028912522
3343,0.8756981459997755
3344,0.8756839852821117
3345,0.8757080873398875
3346,0.8756892086968531
3347,0.8756900785797865
3348,0.8756918100222929
3349,0.8757157807438795
3350,0.8757041523770865
3351,0.8757075295607732
3352,0.8757631863867302
3353,0.8757168349114048
3354,0.8757130741799706
3355,0.8756935746474375
3356,0.8757420657795912
3357,0.8756977146122107
3358,0.8757036735399916
3359,0.8757046724132123
3360,0.8757359301135227
3361,0.8756898821709735
3362,0.8757004630404406
3363,0.8757756090895172
3364,0.8756929519514441
3365,0.8756962069937781
3366,0.8757991630549157
3367,0.8757082673005473
3368,0.8756857967943595
3369,0.8756993015480119
3370,0.8759813215354534
3371,0.8757023752223896
3372,0.8757020148671628
3373,0.8757607214364673
3374,0.8757033345279248
3375,0.8757418748863889
3376,0.8757325380479882
3377,0.8756973100130512
3378,0.8757052877492837
3379,0.8757409310768071
3380,0.8758186554473805
3381,0.8756953154529451
3382,0.8758969310908563
3383,0.8757123834224624
3384,0.8759297692403352
3385,0.8756898549534932
3386,0.875694805606758
3387,0.8757026200524635
3388,0.8757033466726336
3389,0.8756893182863726
3390,0.8757102084447851
3391,0.875750883260542
3392,0.8756921565474945
3393,0.8757093668776701
3394,0.8757075500126589
3395,0.8756798103065371
3396,0.8756927535222078
3397,0.8757546298897252
3398,0.8756944117601806
3399,0.8759317221239419
3400,0.8757045311506455
3401,0.8757211140855318
3402,0.8757048049030106
3403,0.8756871442499523
3404,0.8757428163114142
3405,0.8757300397329238
3406,0.8758824143940462
3407,0.8756941258587672
3408,0.875702113266713
3409,0.8756966311344058
3410,0.8756844160589552
3411,0.8756954970664095
3412,0.8756811899785575
3413,0.8757006653555037
3414,0.8756824297962719
3415,0.8756915697606794
3416,0.8757009008458267
3417,0.8756977796043631
3418,0.875696986943348
3419,0.8756808610801776
3420,0.8756963233460995
3421,0.8757878145900907
3422,0.8757476883576486
3423,0.8757135965658452
3424,0.875735708213021
3425,0.8756958862870593
3426,0.8756876374211744
3427,0.8757546608488347
3428,0.8756962001170071
3429,0.8757713517139611
3430,0.8756814299197704
3431,0.8757702119053782
3432,0.875884653005136
3433,0.8757060476754144
3434,0.875700936900749
3435,0.8756784886541519
3436,0.8757004919277025
3437,0.875681547799244
3438,0.8756983818967656
3439,0.8757425554495599
3440,0.87568856091837
3441,0.8757063250021166
3442,0.8756835997504421
3443,0.8756984132084518
3444,0.8756751160081908
3445,0.8757034310731487
3446,0.8756834790852739
3447,0.8756861344464759
3448,0.875683613691152
3449,0.8757007503636111
3450,0.8756993784366168
3451,0.8756876754645904
3452,0.8757009019063278
3453,0.875701722076586
3454,0.8757076423987706
3455,0.8756967529759575
3456,0.875686575124146
3457,0.875704453007852
3458,0.8756988770490267
3459,0.8757210968290088
3460,0.8757181000064006
3461,0.8756750695001501
3462,0.8756930635202997
3463,0.8757382991060471
3464,0.8757046998129374
3465,0.875707328460163
3466,0.8757041494559996
3467,0.8756917505355037
3468,0.8756904217034022
3469,0.8756897375366978
3470,0.8759162820102595
3471,0.8756952207981685
3472,0.8756900388356375
3473,0.8757216468952906
3474,0.8756862532319007
3475,0.8757083165853723
3476,0.8757091837163489
3477,0.8756918070572506
3478,0.8756993713068985
3479,0.8757313362589986
3480,0.8757172894624436
3481,0.8757003954165449
3482,0.8757117341303093
3483,0.8757019421754105
3484,0.8758836243036277
3485,0.8756877499065951
3486,0.8757109333112212
3487,0.8757009364748188
3488,0.875685702153923
3489,0.8756752129598505
3490,0.8757042795817244
3491,0.875697189267075
3492,0.8756804260096456
3493,0.8756859701043735
3494,0.8757059634938773
3495,0.8756747598380079
3496,0.8756915549506245
3497,0.8757499045745855
3498,0.8756954511794278
3499,0.8757072716096888
3500,0.8756917065620033
3501,0.8756825380126957
3502,0.8757071334040628
3503,0.8756794400680733
3504,0.8757049213731344
3505,0.8757220509785097
3506,0.8757175644480759
3507,0.875680979655767
3508,0.87569702673869
3509,0.8756919978354285
3510,0.8756989941881674
3511,0.8756916580847323
3512,0.8756997395893815
3513,0.8756978712383335
3514,0.8756935804715279
3515,0.8757074700739843
3516,0.8756911487644414
3517,0.8756807011584771
3518,0.8756867480200231
3519,0.8756832183363489
3520,0.8756932472101981
3521,0.875720560850417
3522,0.8757205485912823
3523,0.875708409614719
3524,0.8757266766765612
3525,0.875683013539873
3526,0.8756923393527573
3527,0.8757195995127698
3528,0.8756872939993042
3529,0.8757209625037974
3530,0.8756974016484631
3531,0.8757171895040858
3532,0.8758311231134329
3533,0.8756830756684054
3534,0.8757118831536687
3535,0.8756886308255319
3536,0.8756986525225627
3537,0.8756933523971226
3538,0.875695983956644
3539,0.8757243452752385
3540,0.8756831500224701
3541,0.875694074345983
3542,0.8756920945637559
3543,0.8756930953197227
3544,0.8756802564116453
3545,0.8756858056878125
3546,0.8756801474138164
3547,0.8756829489940182
3548,0.875679772268902
3549,0.8756799899783467
3550,0.8756920363415227
3551,0.8756753402716916
3552,0.8757163289804131
3553,0.8756942939335881
3554,0.8757027211526512
3555,0.8756908029735594
3556,0.8757002460756682
3557,0.875696628073969
3558,0.875688168063048
3559,0.8757153898342878
3560,0.87569510748136
3561,0.8756720820599091
3562,0.8756947261465133
3563,0.8757123415826161
3564,0.8757011172361612
3565,0.8756925662358411
3566,0.8756896809077477
3567,0.8756943454391497
3568,0.8756887612990152
3569,0.8756832751768225
3570,0.875840388673047
3571,0.8756818515976649
3572,0.8756745025901568
3573,0.8756927222234201
3574,0.8756881171934987
3575,0.875689844982316
3576,0.8757152435887899
3577,0.8756972042297455
3578,0.8756892375941152
3579,0.875704131996746
3580,0.8756958490716695
3581,0.8757068800081885
3582,0.8756866880693467
3583,0.8756940731771888
3584,0.8758678398638332
3585,0.8756869893548042
3586,0.8757129748167554
3587,0.8756919362632953
3588,0.8756895179445069
3589,0.8756738285532724
3590,0.8756839384820763
3591,0.8757230132930721
3592,0.8756907694971324
3593,0.8756877862611988
3594,0.8756829135555988
3595,0.8756895577516572
3596,0.8757108385403156
3597,0.8757392451568674
3598,0.8756900196097515
3599,0.8757172631062261
3600,0.8756933521974074
3601,0.8756866278407834
3602,0.8757173744038214
3603,0.8756805987661432
3604,0.8756900542831464
3605,0.87570791037534
3606,0.8757056940530225
3607,0.875691879784062
3608,0.8756869271161702
3609,0.8756835924417132
3610,0.8757124059375316
3611,0.8756912091671969
3612,0.8757007950461403
3613,0.8756908699834836
3614,0.8756903501704437
3615,0.8756972226802539
3616,0.8756860792815501
3617,0.8756899875415995
3618,0.8756860040903165
3619,0.8756905118498515
3620,0.8756863896690861
3621,0.8756916856648946
3622,0.8756837672188811
3623,0.8757017709122151
3624,0.8756971421891528
3625,0.8756777333700521
3626,0.8756877589468821
3627,0.8756911536412616
3628,0.8756802353737301
3629,0.8756864912509831
3630,0.8756933713189731
3631,0.8757094796889057
3632,0.8758770290383756
3633,0.8756894506247658
3634,0.8757269463067636
3635,0.8756871350259638
3636,0.8757010989281472
3637,0.8757029928739941
3638,0.8756859324926687
3639,0.875697898466166
3640,0.8756754573668771
3641,0.8756801319605263
3642,0.8756937338169968
3643,0.8756790284435159
3644,0.875681705810376
3645,0.875679137164042
3646,0.8756838189664391
3647,0.8756805895085514
3648,0.875690050776045
3649,0.8756844160193241
3650,0.8756785821386925
3651,0.8756721356976686
3652,0.875709670479259
3653,0.8756935528102809
3654,0.8756887048815887
3655,0.8756808799477056
3656,0.8756887742499413
3657,0.8756875962187821
3658,0.8756747477389577
3659,0.8757019308652199
3660,0.8756905970108204
3661,0.8756812527928538
3662,0.8756860397678357
3663,0.8756846068004002
3664,0.8756935559837319
3665,0.8756789439067506
3666,0.8756933345519213
3667,0.8756921265951749
3668,0.8756825637793877
3669,0.8756933880453779
3670,0.8758483301514972
3671,0.8756788493473687
3672,0.8756887026286759
3673,0.8756850178710897
3674,0.8756872173409027
3675,0.8756755441387188
3676,0.8757185302000973
3677,0.8756931375220344
3678,0.8756787963470634
3679,0.8757030097076022
3680,0.8757361707492605
3681,0.8756953223050089
3682,0.8756925920701053
3683,0.8756867307633677
3684,0.875691356934068
3685,0.8756819880406309
3686,0.8756987200141964
3687,0.8756840843102052
3688,0.8756859406325388
3689,0.8756860352037291
3690,0.8756836114031946
3691,0.8757167985167893
3692,0.8756866991607768
3693,0.8756952023372929
3694,0.875687421845384
3695,0.8756892502173885
3696,0.8757132533022367
3697,0.875733896706771
3698,0.8756748020799501
3699,0.8757041166081161
3700,0.8756937019736185
3701,0.8756760835639441
3702,0.8756720736967067
